-- --------------------------------------------------------
-- Host:                         localhost
-- Server version:               5.7.19 - MySQL Community Server (GPL)
-- Server OS:                    Win64
-- HeidiSQL Version:             9.4.0.5125
-- --------------------------------------------------------

/*!40101 SET @OLD_CHARACTER_SET_CLIENT=@@CHARACTER_SET_CLIENT */;
/*!40101 SET NAMES utf8 */;
/*!50503 SET NAMES utf8mb4 */;
/*!40014 SET @OLD_FOREIGN_KEY_CHECKS=@@FOREIGN_KEY_CHECKS, FOREIGN_KEY_CHECKS=0 */;
/*!40101 SET @OLD_SQL_MODE=@@SQL_MODE, SQL_MODE='NO_AUTO_VALUE_ON_ZERO' */;


-- Dumping database structure for ffb
CREATE DATABASE IF NOT EXISTS `ffb` /*!40100 DEFAULT CHARACTER SET latin1 */;
USE `ffb`;

-- Dumping structure for table ffb.finishes
CREATE TABLE IF NOT EXISTS `finishes` (
  `id` int(10) unsigned NOT NULL AUTO_INCREMENT,
  `year` int(10) unsigned NOT NULL DEFAULT '0',
  `manager_id` int(10) unsigned NOT NULL DEFAULT '0',
  `finish` int(10) unsigned NOT NULL DEFAULT '0',
  PRIMARY KEY (`id`),
  KEY `manager_id` (`manager_id`)
) ENGINE=InnoDB AUTO_INCREMENT=129 DEFAULT CHARSET=latin1;

-- Dumping data for table ffb.finishes: ~126 rows (approximately)
/*!40000 ALTER TABLE `finishes` DISABLE KEYS */;
INSERT INTO `finishes` (`id`, `year`, `manager_id`, `finish`) VALUES
	(1, 2006, 2, 1),
	(2, 2006, 7, 2),
	(3, 2006, 4, 3),
	(4, 2006, 3, 4),
	(5, 2006, 9, 5),
	(6, 2006, 10, 6),
	(7, 2006, 1, 7),
	(8, 2006, 8, 8),
	(9, 2007, 2, 7),
	(10, 2007, 7, 4),
	(11, 2007, 4, 6),
	(12, 2007, 3, 2),
	(13, 2007, 9, 8),
	(14, 2007, 10, 5),
	(15, 2007, 1, 3),
	(16, 2007, 8, 1),
	(17, 2008, 2, 5),
	(18, 2008, 7, 4),
	(19, 2008, 4, 6),
	(20, 2008, 3, 8),
	(21, 2008, 9, 9),
	(22, 2008, 10, 10),
	(23, 2008, 1, 1),
	(24, 2008, 8, 2),
	(25, 2008, 5, 3),
	(26, 2008, 6, 7),
	(27, 2009, 2, 6),
	(28, 2009, 7, 5),
	(29, 2009, 4, 1),
	(30, 2009, 3, 10),
	(31, 2009, 9, 7),
	(32, 2009, 10, 8),
	(33, 2009, 1, 4),
	(34, 2009, 8, 3),
	(35, 2009, 5, 2),
	(36, 2009, 6, 9),
	(37, 2010, 2, 3),
	(38, 2010, 7, 10),
	(39, 2010, 4, 2),
	(40, 2010, 3, 4),
	(41, 2010, 9, 7),
	(42, 2010, 10, 6),
	(43, 2010, 1, 8),
	(44, 2010, 8, 5),
	(45, 2010, 5, 1),
	(46, 2010, 6, 9),
	(47, 2011, 2, 2),
	(48, 2011, 7, 8),
	(49, 2011, 4, 4),
	(50, 2011, 3, 5),
	(51, 2011, 9, 6),
	(52, 2011, 10, 1),
	(53, 2011, 1, 7),
	(54, 2011, 8, 10),
	(55, 2011, 5, 3),
	(56, 2011, 6, 9),
	(57, 2012, 2, 1),
	(58, 2012, 7, 6),
	(59, 2012, 4, 10),
	(60, 2012, 3, 7),
	(61, 2012, 9, 8),
	(62, 2012, 10, 9),
	(63, 2012, 1, 2),
	(64, 2012, 8, 4),
	(65, 2012, 5, 5),
	(66, 2012, 6, 3),
	(67, 2013, 2, 7),
	(68, 2013, 7, 2),
	(69, 2013, 4, 4),
	(70, 2013, 3, 6),
	(71, 2013, 9, 5),
	(72, 2013, 10, 10),
	(73, 2013, 1, 3),
	(74, 2013, 8, 8),
	(75, 2013, 5, 9),
	(76, 2013, 6, 1),
	(77, 2014, 2, 2),
	(78, 2014, 7, 4),
	(79, 2014, 4, 9),
	(80, 2014, 3, 7),
	(81, 2014, 9, 6),
	(82, 2014, 10, 10),
	(83, 2014, 1, 3),
	(84, 2014, 8, 1),
	(85, 2014, 5, 5),
	(86, 2014, 6, 8),
	(87, 2015, 2, 2),
	(88, 2015, 7, 7),
	(89, 2015, 4, 6),
	(90, 2015, 3, 9),
	(91, 2015, 9, 4),
	(92, 2015, 10, 3),
	(93, 2015, 1, 10),
	(94, 2015, 8, 1),
	(95, 2015, 5, 5),
	(96, 2015, 6, 8),
	(97, 2016, 2, 3),
	(98, 2016, 7, 6),
	(99, 2016, 4, 10),
	(100, 2016, 3, 7),
	(101, 2016, 9, 1),
	(102, 2016, 10, 4),
	(103, 2016, 1, 9),
	(104, 2016, 8, 2),
	(105, 2016, 5, 8),
	(106, 2016, 6, 5),
	(107, 2017, 2, 10),
	(108, 2017, 7, 5),
	(109, 2017, 4, 4),
	(110, 2017, 3, 2),
	(111, 2017, 9, 1),
	(112, 2017, 10, 9),
	(113, 2017, 1, 7),
	(114, 2017, 8, 3),
	(115, 2017, 5, 6),
	(116, 2017, 6, 8),
	(117, 2018, 2, 8),
	(118, 2018, 7, 5),
	(119, 2018, 4, 2),
	(120, 2018, 3, 6),
	(121, 2018, 9, 7),
	(122, 2018, 10, 9),
	(123, 2018, 1, 4),
	(124, 2018, 8, 1),
	(125, 2018, 5, 3),
	(126, 2018, 6, 10);
/*!40000 ALTER TABLE `finishes` ENABLE KEYS */;

-- Dumping structure for table ffb.managers
CREATE TABLE IF NOT EXISTS `managers` (
  `id` int(11) unsigned NOT NULL AUTO_INCREMENT,
  `name` varchar(50) NOT NULL,
  PRIMARY KEY (`id`)
) ENGINE=InnoDB AUTO_INCREMENT=11 DEFAULT CHARSET=latin1;

-- Dumping data for table ffb.managers: ~10 rows (approximately)
/*!40000 ALTER TABLE `managers` DISABLE KEYS */;
INSERT INTO `managers` (`id`, `name`) VALUES
	(1, 'Tyler'),
	(2, 'AJ'),
	(3, 'Gavin'),
	(4, 'Matt'),
	(5, 'Cameron'),
	(6, 'Andy'),
	(7, 'Everett'),
	(8, 'Justin'),
	(9, 'Cole'),
	(10, 'Ben');
/*!40000 ALTER TABLE `managers` ENABLE KEYS */;

-- Dumping structure for table ffb.playoff_matchups
CREATE TABLE IF NOT EXISTS `playoff_matchups` (
  `id` int(10) unsigned NOT NULL AUTO_INCREMENT,
  `year` int(11) NOT NULL,
  `round` varchar(50) NOT NULL,
  `manager1_id` int(10) unsigned NOT NULL DEFAULT '0',
  `manager2_id` int(10) unsigned NOT NULL DEFAULT '0',
  `manager1_seed` int(10) unsigned DEFAULT '0',
  `manager2_seed` int(10) unsigned DEFAULT '0',
  `manager1_score` float DEFAULT '0',
  `manager2_score` float DEFAULT '0',
  PRIMARY KEY (`id`),
  KEY `manager1_id` (`manager1_id`),
  KEY `manager2_id` (`manager2_id`)
) ENGINE=InnoDB AUTO_INCREMENT=66 DEFAULT CHARSET=latin1;

-- Dumping data for table ffb.playoff_matchups: ~0 rows (approximately)
/*!40000 ALTER TABLE `playoff_matchups` DISABLE KEYS */;
INSERT INTO `playoff_matchups` (`id`, `year`, `round`, `manager1_id`, `manager2_id`, `manager1_seed`, `manager2_seed`, `manager1_score`, `manager2_score`) VALUES
	(1, 2006, 'Final', 7, 2, 5, 3, 158.97, 189.03),
	(2, 2006, 'Semifinal', 4, 7, 1, 5, 175.54, 181.83),
	(3, 2006, 'Semifinal', 2, 3, 3, 2, 169.01, 142.03),
	(4, 2006, 'Quarterfinal', 9, 7, 4, 5, 140.6, 299.39),
	(5, 2006, 'Quarterfinal', 2, 10, 3, 6, 186.37, 165.7),
	(6, 2007, 'Final', 8, 3, 5, 6, 198.68, 153.32),
	(7, 2007, 'Semifinal', 7, 8, 1, 5, 168.7, 220.65),
	(8, 2007, 'Semifinal', 3, 1, 6, 2, 163.57, 144.38),
	(9, 2007, 'Quarterfinal', 10, 8, 4, 5, 231.37, 234.08),
	(10, 2007, 'Quarterfinal', 4, 3, 3, 6, 143.99, 201.88),
	(11, 2008, 'Final', 1, 8, 5, 2, 155.98, 154.01),
	(12, 2008, 'Semifinal', 5, 1, 1, 5, 175.07, 193.85),
	(13, 2008, 'Semifinal', 7, 8, 3, 2, 193.94, 221.17),
	(14, 2008, 'Quarterfinal', 2, 1, 4, 5, 145.72, 211.94),
	(15, 2008, 'Quarterfinal', 7, 4, 3, 6, 191.83, 165.62),
	(16, 2009, 'Final', 5, 4, 1, 6, 181.4, 239.91),
	(17, 2009, 'Semifinal', 5, 8, 1, 5, 201.8, 179.4),
	(18, 2009, 'Semifinal', 4, 1, 6, 2, 231.44, 187.88),
	(19, 2009, 'Quarterfinal', 7, 8, 4, 5, 181.58, 209.78),
	(20, 2009, 'Quarterfinal', 2, 4, 3, 6, 197.95, 223.75),
	(21, 2010, 'Final', 4, 5, 4, 2, 165.15, 227.18),
	(22, 2010, 'Semifinal', 2, 4, 1, 4, 167.15, 252.41),
	(23, 2010, 'Semifinal', 3, 5, 3, 2, 158.21, 209.6),
	(24, 2010, 'Quarterfinal', 4, 8, 4, 5, 209.96, 188.04),
	(25, 2010, 'Quarterfinal', 3, 10, 3, 6, 171.3, 170.57),
	(26, 2011, 'Final', 2, 10, 4, 6, 171.1, 183.56),
	(27, 2011, 'Semifinal', 4, 10, 1, 6, 179.64, 217.3),
	(28, 2011, 'Semifinal', 5, 2, 2, 4, 180.8, 256.5),
	(29, 2011, 'Quarterfinal', 2, 9, 4, 5, 263.59, 170.25),
	(30, 2011, 'Quarterfinal', 3, 10, 3, 6, 206.47, 217.25),
	(31, 2012, 'Final', 1, 2, 1, 2, 218.81, 221.96),
	(32, 2012, 'Semifinal', 1, 6, 1, 6, 209.39, 175.57),
	(33, 2012, 'Semifinal', 2, 8, 2, 4, 222.14, 199.1),
	(34, 2012, 'Quarterfinal', 8, 5, 4, 5, 199.44, 171.72),
	(35, 2012, 'Quarterfinal', 7, 6, 3, 6, 179.8, 206.35),
	(36, 2013, 'Final', 6, 7, 2, 5, 203.3, 188.13),
	(37, 2013, 'Semifinal', 4, 7, 1, 5, 197.7, 198.84),
	(38, 2013, 'Semifinal', 6, 1, 2, 3, 213.69, 185.22),
	(39, 2013, 'Quarterfinal', 3, 7, 4, 5, 142.07, 175.36),
	(40, 2013, 'Quarterfinal', 1, 9, 3, 6, 245.61, 229.31),
	(41, 2014, 'Final', 8, 2, 1, 3, 191.89, 171.28),
	(42, 2014, 'Semifinal', 8, 1, 1, 5, 190.65, 173.77),
	(43, 2014, 'Semifinal', 7, 2, 2, 3, 173.12, 190.31),
	(44, 2014, 'Quarterfinal', 9, 1, 4, 5, 197.65, 213.87),
	(45, 2014, 'Quarterfinal', 2, 5, 3, 6, 258.29, 205.58),
	(46, 2015, 'Final', 8, 2, 1, 2, 211.41, 190.52),
	(47, 2015, 'Semifinal', 8, 10, 1, 6, 210.09, 192.33),
	(48, 2015, 'Semifinal', 2, 9, 2, 5, 224.21, 196.29),
	(49, 2015, 'Quarterfinal', 5, 9, 4, 5, 155.12, 174.36),
	(50, 2015, 'Quarterfinal', 4, 10, 3, 6, 174.77, 187.59),
	(51, 2016, 'Final', 8, 9, 1, 3, 195.32, 204.33),
	(52, 2016, 'Semifinal', 8, 10, 1, 5, 215.46, 173.53),
	(53, 2016, 'Semifinal', 2, 9, 2, 3, 143.41, 164.44),
	(54, 2016, 'Quarterfinal', 6, 10, 4, 5, 123.44, 131.8),
	(55, 2016, 'Quarterfinal', 9, 7, 3, 6, 195.89, 132.72),
	(56, 2017, 'Final', 9, 3, 1, 2, 217.04, 144.26),
	(57, 2017, 'Semifinal', 9, 4, 1, 6, 205.52, 148.3),
	(58, 2017, 'Semifinal', 3, 8, 2, 4, 214.21, 200.53),
	(59, 2017, 'Quarterfinal', 8, 5, 4, 5, 198.61, 179.18),
	(60, 2017, 'Quarterfinal', 7, 4, 3, 6, 194.45, 207.54),
	(61, 2018, 'Final', 4, 8, 2, 4, 180.3, 209.55),
	(62, 2018, 'Semifinal', 1, 8, 1, 4, 126.46, 145.24),
	(63, 2018, 'Semifinal', 4, 5, 2, 3, 170.39, 163.16),
	(64, 2018, 'Quarterfinal', 8, 7, 4, 5, 208.28, 153.82),
	(65, 2018, 'Quarterfinal', 5, 3, 3, 4, 222.07, 161.06);
/*!40000 ALTER TABLE `playoff_matchups` ENABLE KEYS */;

-- Dumping structure for table ffb.regular_season_matchups
CREATE TABLE IF NOT EXISTS `regular_season_matchups` (
  `id` int(10) unsigned NOT NULL AUTO_INCREMENT,
  `year` int(10) unsigned NOT NULL DEFAULT '0',
  `week_number` int(10) unsigned NOT NULL DEFAULT '0',
  `manager1_id` int(10) unsigned NOT NULL DEFAULT '0',
  `manager2_id` int(10) unsigned NOT NULL DEFAULT '0',
  `manager1_score` float NOT NULL DEFAULT '0',
  `manager2_score` float NOT NULL DEFAULT '0',
  PRIMARY KEY (`id`),
  KEY `manager1_id` (`manager1_id`),
  KEY `manager2_id` (`manager2_id`)
) ENGINE=InnoDB AUTO_INCREMENT=1639 DEFAULT CHARSET=latin1;

-- Dumping data for table ffb.regular_season_matchups: ~1,638 rows (approximately)
/*!40000 ALTER TABLE `regular_season_matchups` DISABLE KEYS */;
INSERT INTO `regular_season_matchups` (`id`, `year`, `week_number`, `manager1_id`, `manager2_id`, `manager1_score`, `manager2_score`) VALUES
	(1, 2006, 1, 1, 8, 181.98, 149.17),
	(2, 2006, 1, 9, 2, 143.64, 116),
	(3, 2006, 1, 2, 9, 116, 143.64),
	(4, 2006, 1, 7, 10, 161.93, 139.6),
	(5, 2006, 1, 4, 3, 247.07, 241.53),
	(6, 2006, 1, 8, 1, 149.17, 181.98),
	(7, 2006, 1, 10, 7, 139.6, 161.93),
	(8, 2006, 1, 3, 4, 241.53, 247.07),
	(9, 2006, 2, 1, 2, 195.09, 207.47),
	(10, 2006, 2, 9, 3, 175.61, 230.74),
	(11, 2006, 2, 2, 1, 207.47, 195.09),
	(12, 2006, 2, 7, 4, 150.57, 195.7),
	(13, 2006, 2, 4, 7, 195.7, 150.57),
	(14, 2006, 2, 8, 10, 158.69, 157.83),
	(15, 2006, 2, 10, 8, 157.83, 158.69),
	(16, 2006, 2, 3, 9, 230.74, 175.61),
	(17, 2006, 3, 1, 3, 119.44, 170.97),
	(18, 2006, 3, 9, 7, 145.3, 188.27),
	(19, 2006, 3, 2, 8, 170, 158.23),
	(20, 2006, 3, 7, 9, 188.27, 145.3),
	(21, 2006, 3, 4, 10, 192.73, 180.1),
	(22, 2006, 3, 8, 2, 158.23, 170),
	(23, 2006, 3, 10, 4, 180.1, 192.73),
	(24, 2006, 3, 3, 1, 170.97, 119.44),
	(25, 2006, 4, 1, 7, 192.72, 203.6),
	(26, 2006, 4, 9, 4, 135.17, 206.14),
	(27, 2006, 4, 2, 10, 179.96, 119.17),
	(28, 2006, 4, 7, 1, 203.6, 192.72),
	(29, 2006, 4, 4, 9, 206.14, 135.17),
	(30, 2006, 4, 8, 3, 191.96, 157.8),
	(31, 2006, 4, 10, 2, 119.17, 179.96),
	(32, 2006, 4, 3, 8, 157.8, 191.96),
	(33, 2006, 5, 1, 4, 170.23, 226.18),
	(34, 2006, 5, 9, 10, 148.13, 146.51),
	(35, 2006, 5, 2, 3, 206.76, 151.33),
	(36, 2006, 5, 7, 8, 169.8, 116.47),
	(37, 2006, 5, 4, 1, 226.18, 170.23),
	(38, 2006, 5, 8, 7, 116.47, 169.8),
	(39, 2006, 5, 10, 9, 146.51, 148.13),
	(40, 2006, 5, 3, 2, 151.33, 206.76),
	(41, 2006, 6, 1, 9, 162.62, 168.76),
	(42, 2006, 6, 9, 1, 168.76, 162.62),
	(43, 2006, 6, 2, 7, 200.2, 192.7),
	(44, 2006, 6, 7, 2, 192.7, 200.2),
	(45, 2006, 6, 4, 8, 191.83, 155.24),
	(46, 2006, 6, 8, 4, 155.24, 191.83),
	(47, 2006, 6, 10, 3, 170.46, 223.66),
	(48, 2006, 6, 3, 10, 223.66, 170.46),
	(49, 2006, 7, 1, 10, 167.77, 173.3),
	(50, 2006, 7, 9, 8, 223.86, 172.67),
	(51, 2006, 7, 2, 4, 157.47, 202.61),
	(52, 2006, 7, 7, 3, 169.97, 198.16),
	(53, 2006, 7, 4, 2, 202.61, 157.47),
	(54, 2006, 7, 8, 9, 172.67, 223.86),
	(55, 2006, 7, 10, 1, 173.3, 167.77),
	(56, 2006, 7, 3, 7, 198.16, 169.97),
	(57, 2006, 8, 1, 8, 209.26, 116.61),
	(58, 2006, 8, 9, 2, 127.03, 193.6),
	(59, 2006, 8, 2, 9, 193.6, 127.03),
	(60, 2006, 8, 7, 10, 211.4, 161.9),
	(61, 2006, 8, 4, 3, 215.81, 263.97),
	(62, 2006, 8, 8, 1, 116.61, 209.26),
	(63, 2006, 8, 10, 7, 161.9, 211.4),
	(64, 2006, 8, 3, 4, 263.97, 215.81),
	(65, 2006, 9, 1, 2, 139.77, 205.73),
	(66, 2006, 9, 9, 3, 200.3, 257.57),
	(67, 2006, 9, 2, 1, 205.73, 139.77),
	(68, 2006, 9, 7, 4, 189.2, 192.67),
	(69, 2006, 9, 4, 7, 192.67, 189.2),
	(70, 2006, 9, 8, 10, 132.1, 143.63),
	(71, 2006, 9, 10, 8, 143.63, 132.1),
	(72, 2006, 9, 3, 9, 257.57, 200.3),
	(73, 2006, 10, 1, 3, 166.35, 226.94),
	(74, 2006, 10, 9, 7, 203.67, 176.79),
	(75, 2006, 10, 2, 8, 164.77, 114.96),
	(76, 2006, 10, 7, 9, 176.79, 203.67),
	(77, 2006, 10, 4, 10, 193.2, 247.33),
	(78, 2006, 10, 8, 2, 114.96, 164.77),
	(79, 2006, 10, 10, 4, 247.33, 193.2),
	(80, 2006, 10, 3, 1, 226.94, 166.35),
	(81, 2006, 11, 1, 7, 232, 142.11),
	(82, 2006, 11, 9, 4, 128.3, 198.57),
	(83, 2006, 11, 2, 10, 191.36, 199.2),
	(84, 2006, 11, 7, 1, 142.11, 232),
	(85, 2006, 11, 4, 9, 198.57, 128.3),
	(86, 2006, 11, 8, 3, 127.27, 232.63),
	(87, 2006, 11, 10, 2, 199.2, 191.36),
	(88, 2006, 11, 3, 8, 232.63, 127.27),
	(89, 2006, 12, 1, 4, 170.93, 219.57),
	(90, 2006, 12, 9, 10, 207.83, 166.71),
	(91, 2006, 12, 2, 3, 206, 208.12),
	(92, 2006, 12, 7, 8, 167.77, 134.56),
	(93, 2006, 12, 4, 1, 219.57, 170.93),
	(94, 2006, 12, 8, 7, 134.56, 167.77),
	(95, 2006, 12, 10, 9, 166.71, 207.83),
	(96, 2006, 12, 3, 2, 208.12, 206),
	(97, 2006, 13, 1, 9, 155.96, 229.61),
	(98, 2006, 13, 9, 1, 229.61, 155.96),
	(99, 2006, 13, 2, 7, 162.97, 146.08),
	(100, 2006, 13, 7, 2, 146.08, 162.97),
	(101, 2006, 13, 4, 8, 179.89, 164.28),
	(102, 2006, 13, 8, 4, 164.28, 179.89),
	(103, 2006, 13, 10, 3, 156.8, 236),
	(104, 2006, 13, 3, 10, 236, 156.8),
	(105, 2007, 1, 1, 7, 193.7, 220.24),
	(106, 2007, 1, 9, 4, 166.83, 197.91),
	(107, 2007, 1, 2, 3, 170.11, 167.27),
	(108, 2007, 1, 7, 1, 220.24, 193.7),
	(109, 2007, 1, 4, 9, 197.91, 166.83),
	(110, 2007, 1, 8, 10, 132.64, 175.44),
	(111, 2007, 1, 10, 8, 175.44, 132.64),
	(112, 2007, 1, 3, 2, 167.27, 170.11),
	(113, 2007, 2, 1, 2, 186.53, 263.12),
	(114, 2007, 2, 9, 7, 181.33, 207.76),
	(115, 2007, 2, 2, 1, 263.12, 186.53),
	(116, 2007, 2, 7, 9, 207.76, 181.33),
	(117, 2007, 2, 4, 8, 213.51, 151.27),
	(118, 2007, 2, 8, 4, 151.27, 213.51),
	(119, 2007, 2, 10, 3, 127.47, 239.98),
	(120, 2007, 2, 3, 10, 239.98, 127.47),
	(121, 2007, 3, 1, 10, 198.56, 151.06),
	(122, 2007, 3, 9, 8, 183.56, 199.87),
	(123, 2007, 3, 2, 7, 184.18, 210.58),
	(124, 2007, 3, 7, 2, 210.58, 184.18),
	(125, 2007, 3, 4, 3, 197.14, 182.43),
	(126, 2007, 3, 8, 9, 199.87, 183.56),
	(127, 2007, 3, 10, 1, 151.06, 198.56),
	(128, 2007, 3, 3, 4, 182.43, 197.14),
	(129, 2007, 4, 1, 4, 158.83, 138.13),
	(130, 2007, 4, 9, 2, 155.18, 143.02),
	(131, 2007, 4, 2, 9, 143.02, 155.18),
	(132, 2007, 4, 7, 10, 232.55, 161.42),
	(133, 2007, 4, 4, 1, 138.13, 158.83),
	(134, 2007, 4, 8, 3, 170.26, 163.06),
	(135, 2007, 4, 10, 7, 161.42, 232.55),
	(136, 2007, 4, 3, 8, 163.06, 170.26),
	(137, 2007, 5, 1, 8, 154.41, 146.44),
	(138, 2007, 5, 9, 3, 179.77, 175.74),
	(139, 2007, 5, 2, 10, 172.36, 121.05),
	(140, 2007, 5, 7, 4, 158.51, 175.76),
	(141, 2007, 5, 4, 7, 175.76, 158.51),
	(142, 2007, 5, 8, 1, 146.44, 154.41),
	(143, 2007, 5, 10, 2, 121.05, 172.36),
	(144, 2007, 5, 3, 9, 175.74, 179.77),
	(145, 2007, 6, 1, 3, 169.81, 172.86),
	(146, 2007, 6, 9, 10, 145.51, 192.32),
	(147, 2007, 6, 2, 4, 162.55, 250.19),
	(148, 2007, 6, 7, 8, 204.11, 191.49),
	(149, 2007, 6, 4, 2, 250.19, 162.55),
	(150, 2007, 6, 8, 7, 191.49, 204.11),
	(151, 2007, 6, 10, 9, 192.32, 145.51),
	(152, 2007, 6, 3, 1, 172.86, 169.81),
	(153, 2007, 7, 1, 9, 213.32, 149.76),
	(154, 2007, 7, 9, 1, 149.76, 213.32),
	(155, 2007, 7, 2, 8, 152.76, 169.23),
	(156, 2007, 7, 7, 3, 217.67, 167.33),
	(157, 2007, 7, 4, 10, 192.65, 258.66),
	(158, 2007, 7, 8, 2, 169.23, 152.76),
	(159, 2007, 7, 10, 4, 258.66, 192.65),
	(160, 2007, 7, 3, 7, 167.33, 217.67),
	(161, 2007, 8, 1, 7, 194.87, 181.7),
	(162, 2007, 8, 9, 4, 130.17, 165.12),
	(163, 2007, 8, 2, 3, 166.68, 169.76),
	(164, 2007, 8, 7, 1, 181.7, 194.87),
	(165, 2007, 8, 4, 9, 165.12, 130.17),
	(166, 2007, 8, 8, 10, 178.71, 179.11),
	(167, 2007, 8, 10, 8, 179.11, 178.71),
	(168, 2007, 8, 3, 2, 169.76, 166.68),
	(169, 2007, 9, 1, 2, 203.85, 148.76),
	(170, 2007, 9, 9, 7, 143.05, 215.33),
	(171, 2007, 9, 2, 1, 148.76, 203.85),
	(172, 2007, 9, 7, 9, 215.33, 143.05),
	(173, 2007, 9, 4, 8, 182.16, 217.43),
	(174, 2007, 9, 8, 4, 217.43, 182.16),
	(175, 2007, 9, 10, 3, 230.65, 207.22),
	(176, 2007, 9, 3, 10, 207.22, 230.65),
	(177, 2007, 10, 1, 10, 242.49, 207.57),
	(178, 2007, 10, 9, 8, 148.9, 204.89),
	(179, 2007, 10, 2, 7, 137.52, 165),
	(180, 2007, 10, 7, 2, 165, 137.52),
	(181, 2007, 10, 4, 3, 170.82, 144.5),
	(182, 2007, 10, 8, 9, 204.89, 148.9),
	(183, 2007, 10, 10, 1, 207.57, 242.49),
	(184, 2007, 10, 3, 4, 144.5, 170.82),
	(185, 2007, 11, 1, 4, 202.13, 185.71),
	(186, 2007, 11, 9, 2, 212.96, 176.96),
	(187, 2007, 11, 2, 9, 176.96, 212.96),
	(188, 2007, 11, 7, 10, 227.46, 136.89),
	(189, 2007, 11, 4, 1, 185.71, 202.13),
	(190, 2007, 11, 8, 3, 180.86, 162.98),
	(191, 2007, 11, 10, 7, 136.89, 227.46),
	(192, 2007, 11, 3, 8, 162.98, 180.86),
	(193, 2007, 12, 1, 8, 205.67, 174.44),
	(194, 2007, 12, 9, 3, 160.22, 198.02),
	(195, 2007, 12, 2, 10, 172.2, 169.45),
	(196, 2007, 12, 7, 4, 218.03, 154.04),
	(197, 2007, 12, 4, 7, 154.04, 218.03),
	(198, 2007, 12, 8, 1, 174.44, 205.67),
	(199, 2007, 12, 10, 2, 169.45, 172.2),
	(200, 2007, 12, 3, 9, 198.02, 160.22),
	(201, 2007, 13, 1, 3, 207.56, 187.52),
	(202, 2007, 13, 9, 10, 152.17, 231.85),
	(203, 2007, 13, 2, 4, 155.52, 188.82),
	(204, 2007, 13, 7, 8, 174.84, 113.63),
	(205, 2007, 13, 4, 2, 188.82, 155.52),
	(206, 2007, 13, 8, 7, 113.63, 174.84),
	(207, 2007, 13, 10, 9, 231.85, 152.17),
	(208, 2007, 13, 3, 1, 187.52, 207.56),
	(209, 2008, 1, 1, 8, 118.51, 185.66),
	(210, 2008, 1, 9, 7, 146.15, 176.98),
	(211, 2008, 1, 2, 5, 149.64, 186.27),
	(212, 2008, 1, 5, 2, 186.27, 149.64),
	(213, 2008, 1, 7, 9, 176.98, 146.15),
	(214, 2008, 1, 4, 10, 152.3, 167.68),
	(215, 2008, 1, 8, 1, 185.66, 118.51),
	(216, 2008, 1, 10, 4, 167.68, 152.3),
	(217, 2008, 1, 3, 6, 188.97, 171.99),
	(218, 2008, 1, 6, 3, 171.99, 188.97),
	(219, 2008, 2, 1, 3, 125.81, 127.66),
	(220, 2008, 2, 9, 8, 142.21, 198.35),
	(221, 2008, 2, 2, 7, 174.28, 177.28),
	(222, 2008, 2, 5, 10, 219.34, 147.1),
	(223, 2008, 2, 7, 2, 177.28, 174.28),
	(224, 2008, 2, 4, 6, 117.67, 179.32),
	(225, 2008, 2, 8, 9, 198.35, 142.21),
	(226, 2008, 2, 10, 5, 147.1, 219.34),
	(227, 2008, 2, 3, 1, 127.66, 125.81),
	(228, 2008, 2, 6, 4, 179.32, 117.67),
	(229, 2008, 3, 1, 4, 171.21, 153.98),
	(230, 2008, 3, 9, 2, 154.55, 171.86),
	(231, 2008, 3, 2, 9, 171.86, 154.55),
	(232, 2008, 3, 5, 6, 127.05, 147.94),
	(233, 2008, 3, 7, 10, 185.63, 175.56),
	(234, 2008, 3, 4, 1, 153.98, 171.21),
	(235, 2008, 3, 8, 3, 200.51, 137.5),
	(236, 2008, 3, 10, 7, 175.56, 185.63),
	(237, 2008, 3, 3, 8, 137.5, 200.51),
	(238, 2008, 3, 6, 5, 147.94, 127.05),
	(239, 2008, 4, 1, 5, 216.79, 184.02),
	(240, 2008, 4, 9, 3, 182.44, 163.58),
	(241, 2008, 4, 2, 10, 153.01, 151.5),
	(242, 2008, 4, 5, 1, 184.02, 216.79),
	(243, 2008, 4, 7, 6, 173.83, 145.11),
	(244, 2008, 4, 4, 8, 156.84, 153.42),
	(245, 2008, 4, 8, 4, 153.42, 156.84),
	(246, 2008, 4, 10, 2, 151.5, 153.01),
	(247, 2008, 4, 3, 9, 163.58, 182.44),
	(248, 2008, 4, 6, 7, 145.11, 173.83),
	(249, 2008, 5, 1, 7, 164.3, 213.19),
	(250, 2008, 5, 9, 10, 179.98, 151.16),
	(251, 2008, 5, 2, 6, 203.92, 140.3),
	(252, 2008, 5, 5, 8, 103.45, 180.96),
	(253, 2008, 5, 7, 1, 213.19, 164.3),
	(254, 2008, 5, 4, 3, 196.58, 168.94),
	(255, 2008, 5, 8, 5, 180.96, 103.45),
	(256, 2008, 5, 10, 9, 151.16, 179.98),
	(257, 2008, 5, 3, 4, 168.94, 196.58),
	(258, 2008, 5, 6, 2, 140.3, 203.92),
	(259, 2008, 6, 1, 2, 181.18, 167.58),
	(260, 2008, 6, 9, 4, 162.18, 135.05),
	(261, 2008, 6, 2, 1, 167.58, 181.18),
	(262, 2008, 6, 5, 3, 186.47, 131.06),
	(263, 2008, 6, 7, 8, 184.96, 210.37),
	(264, 2008, 6, 4, 9, 135.05, 162.18),
	(265, 2008, 6, 8, 7, 210.37, 184.96),
	(266, 2008, 6, 10, 6, 125.44, 159.98),
	(267, 2008, 6, 3, 5, 131.06, 186.47),
	(268, 2008, 6, 6, 10, 159.98, 125.44),
	(269, 2008, 7, 1, 10, 114.23, 137.96),
	(270, 2008, 7, 9, 6, 102.57, 173.54),
	(271, 2008, 7, 2, 8, 173.23, 178.83),
	(272, 2008, 7, 5, 4, 181.29, 169.2),
	(273, 2008, 7, 7, 3, 117.91, 114.36),
	(274, 2008, 7, 4, 5, 169.2, 181.29),
	(275, 2008, 7, 8, 2, 178.83, 173.23),
	(276, 2008, 7, 10, 1, 137.96, 114.23),
	(277, 2008, 7, 3, 7, 114.36, 117.91),
	(278, 2008, 7, 6, 9, 173.54, 102.57),
	(279, 2008, 8, 1, 6, 202.39, 117.58),
	(280, 2008, 8, 9, 5, 151, 162.41),
	(281, 2008, 8, 2, 3, 137.29, 127.18),
	(282, 2008, 8, 5, 9, 162.41, 151),
	(283, 2008, 8, 7, 4, 147.97, 163.77),
	(284, 2008, 8, 4, 7, 163.77, 147.97),
	(285, 2008, 8, 8, 10, 205.81, 114.09),
	(286, 2008, 8, 10, 8, 114.09, 205.81),
	(287, 2008, 8, 3, 2, 127.18, 137.29),
	(288, 2008, 8, 6, 1, 117.58, 202.39),
	(289, 2008, 9, 1, 9, 204.54, 148.75),
	(290, 2008, 9, 9, 1, 148.75, 204.54),
	(291, 2008, 9, 2, 4, 184.61, 152.47),
	(292, 2008, 9, 5, 7, 172.52, 162.2),
	(293, 2008, 9, 7, 5, 162.2, 172.52),
	(294, 2008, 9, 4, 2, 152.47, 184.61),
	(295, 2008, 9, 8, 6, 131.72, 171.8),
	(296, 2008, 9, 10, 3, 162.86, 156.9),
	(297, 2008, 9, 3, 10, 156.9, 162.86),
	(298, 2008, 9, 6, 8, 171.8, 131.72),
	(299, 2008, 10, 1, 8, 168.04, 146.83),
	(300, 2008, 10, 9, 7, 180.57, 190.78),
	(301, 2008, 10, 2, 5, 125.07, 230.78),
	(302, 2008, 10, 5, 2, 230.78, 125.07),
	(303, 2008, 10, 7, 9, 190.78, 180.57),
	(304, 2008, 10, 4, 10, 171.84, 161.91),
	(305, 2008, 10, 8, 1, 146.83, 168.04),
	(306, 2008, 10, 10, 4, 161.91, 171.84),
	(307, 2008, 10, 3, 6, 179.77, 133.84),
	(308, 2008, 10, 6, 3, 133.84, 179.77),
	(309, 2008, 11, 1, 3, 170.99, 160.62),
	(310, 2008, 11, 9, 8, 183.42, 236.73),
	(311, 2008, 11, 2, 7, 172.77, 175.48),
	(312, 2008, 11, 5, 10, 186.08, 141.19),
	(313, 2008, 11, 7, 2, 175.48, 172.77),
	(314, 2008, 11, 4, 6, 124.81, 116.14),
	(315, 2008, 11, 8, 9, 236.73, 183.42),
	(316, 2008, 11, 10, 5, 141.19, 186.08),
	(317, 2008, 11, 3, 1, 160.62, 170.99),
	(318, 2008, 11, 6, 4, 116.14, 124.81),
	(319, 2008, 12, 1, 4, 127.55, 154.03),
	(320, 2008, 12, 9, 2, 169.4, 217.1),
	(321, 2008, 12, 2, 9, 217.1, 169.4),
	(322, 2008, 12, 5, 6, 166.99, 161.36),
	(323, 2008, 12, 7, 10, 167.64, 166.15),
	(324, 2008, 12, 4, 1, 154.03, 127.55),
	(325, 2008, 12, 8, 3, 244.52, 242.54),
	(326, 2008, 12, 10, 7, 166.15, 167.64),
	(327, 2008, 12, 3, 8, 242.54, 244.52),
	(328, 2008, 12, 6, 5, 161.36, 166.99),
	(329, 2008, 13, 1, 5, 145.15, 235.63),
	(330, 2008, 13, 9, 3, 110.3, 135.87),
	(331, 2008, 13, 2, 10, 202.04, 126.69),
	(332, 2008, 13, 5, 1, 235.63, 145.15),
	(333, 2008, 13, 7, 6, 130.29, 158.76),
	(334, 2008, 13, 4, 8, 231.68, 158.41),
	(335, 2008, 13, 8, 4, 158.41, 231.68),
	(336, 2008, 13, 10, 2, 126.69, 202.04),
	(337, 2008, 13, 3, 9, 135.87, 110.3),
	(338, 2008, 13, 6, 7, 158.76, 130.29),
	(339, 2009, 1, 1, 4, 220.92, 140.2),
	(340, 2009, 1, 9, 8, 195.91, 201.49),
	(341, 2009, 1, 2, 6, 212.3, 182.29),
	(342, 2009, 1, 5, 3, 206.69, 157.08),
	(343, 2009, 1, 7, 10, 191.47, 160.66),
	(344, 2009, 1, 4, 1, 140.2, 220.92),
	(345, 2009, 1, 8, 9, 201.49, 195.91),
	(346, 2009, 1, 10, 7, 160.66, 191.47),
	(347, 2009, 1, 3, 5, 157.08, 206.69),
	(348, 2009, 1, 6, 2, 182.29, 212.3),
	(349, 2009, 2, 1, 5, 168.24, 183.77),
	(350, 2009, 2, 9, 4, 125.35, 188.66),
	(351, 2009, 2, 2, 8, 235.66, 174.38),
	(352, 2009, 2, 5, 1, 183.77, 168.24),
	(353, 2009, 2, 7, 6, 194.98, 176.45),
	(354, 2009, 2, 4, 9, 188.66, 125.35),
	(355, 2009, 2, 8, 2, 174.38, 235.66),
	(356, 2009, 2, 10, 3, 205.1, 148.24),
	(357, 2009, 2, 3, 10, 148.24, 205.1),
	(358, 2009, 2, 6, 7, 176.45, 194.98),
	(359, 2009, 3, 1, 9, 221.92, 207.98),
	(360, 2009, 3, 9, 1, 207.98, 221.92),
	(361, 2009, 3, 2, 4, 185.8, 185.57),
	(362, 2009, 3, 5, 10, 191.84, 154.88),
	(363, 2009, 3, 7, 8, 179.44, 172.49),
	(364, 2009, 3, 4, 2, 185.57, 185.8),
	(365, 2009, 3, 8, 7, 172.49, 179.44),
	(366, 2009, 3, 10, 5, 154.88, 191.84),
	(367, 2009, 3, 3, 6, 181.84, 183.11),
	(368, 2009, 3, 6, 3, 183.11, 181.84),
	(369, 2009, 4, 1, 10, 174.69, 202.52),
	(370, 2009, 4, 9, 2, 182.17, 239.22),
	(371, 2009, 4, 2, 9, 239.22, 182.17),
	(372, 2009, 4, 5, 6, 185.77, 165.71),
	(373, 2009, 4, 7, 4, 171.24, 166.15),
	(374, 2009, 4, 4, 7, 166.15, 171.24),
	(375, 2009, 4, 8, 3, 187.79, 140.07),
	(376, 2009, 4, 10, 1, 202.52, 174.69),
	(377, 2009, 4, 3, 8, 140.07, 187.79),
	(378, 2009, 4, 6, 5, 165.71, 185.77),
	(379, 2009, 5, 1, 2, 178.15, 149.64),
	(380, 2009, 5, 9, 7, 187.26, 153.52),
	(381, 2009, 5, 2, 1, 149.64, 178.15),
	(382, 2009, 5, 5, 8, 217.57, 150.36),
	(383, 2009, 5, 7, 9, 153.52, 187.26),
	(384, 2009, 5, 4, 3, 240.98, 183.41),
	(385, 2009, 5, 8, 5, 150.36, 217.57),
	(386, 2009, 5, 10, 6, 246.04, 112.96),
	(387, 2009, 5, 3, 4, 183.41, 240.98),
	(388, 2009, 5, 6, 10, 112.96, 246.04),
	(389, 2009, 6, 1, 6, 203.88, 206.71),
	(390, 2009, 6, 9, 3, 212.91, 226.75),
	(391, 2009, 6, 2, 7, 139.1, 220.55),
	(392, 2009, 6, 5, 4, 257.01, 195.14),
	(393, 2009, 6, 7, 2, 220.55, 139.1),
	(394, 2009, 6, 4, 5, 195.14, 257.01),
	(395, 2009, 6, 8, 10, 175.13, 170.97),
	(396, 2009, 6, 10, 8, 170.97, 175.13),
	(397, 2009, 6, 3, 9, 226.75, 212.91),
	(398, 2009, 6, 6, 1, 206.71, 203.88),
	(399, 2009, 7, 1, 7, 199.13, 150.86),
	(400, 2009, 7, 9, 5, 252.29, 204.69),
	(401, 2009, 7, 2, 3, 192.71, 184.59),
	(402, 2009, 7, 5, 9, 204.69, 252.29),
	(403, 2009, 7, 7, 1, 150.86, 199.13),
	(404, 2009, 7, 4, 10, 191.79, 142.77),
	(405, 2009, 7, 8, 6, 152.9, 130.63),
	(406, 2009, 7, 10, 4, 142.77, 191.79),
	(407, 2009, 7, 3, 2, 184.59, 192.71),
	(408, 2009, 7, 6, 8, 130.63, 152.9),
	(409, 2009, 8, 1, 8, 203.03, 166.34),
	(410, 2009, 8, 9, 10, 175.71, 129.12),
	(411, 2009, 8, 2, 5, 168.94, 199.67),
	(412, 2009, 8, 5, 2, 199.67, 168.94),
	(413, 2009, 8, 7, 3, 172.62, 161.43),
	(414, 2009, 8, 4, 6, 225.21, 227.85),
	(415, 2009, 8, 8, 1, 166.34, 203.03),
	(416, 2009, 8, 10, 9, 129.12, 175.71),
	(417, 2009, 8, 3, 7, 161.43, 172.62),
	(418, 2009, 8, 6, 4, 227.85, 225.21),
	(419, 2009, 9, 1, 3, 173.58, 125.08),
	(420, 2009, 9, 9, 6, 150.87, 182.54),
	(421, 2009, 9, 2, 10, 180.4, 159.22),
	(422, 2009, 9, 5, 7, 228.9, 195.68),
	(423, 2009, 9, 7, 5, 195.68, 228.9),
	(424, 2009, 9, 4, 8, 208.01, 231.91),
	(425, 2009, 9, 8, 4, 231.91, 208.01),
	(426, 2009, 9, 10, 2, 159.22, 180.4),
	(427, 2009, 9, 3, 1, 125.08, 173.58),
	(428, 2009, 9, 6, 9, 182.54, 150.87),
	(429, 2009, 10, 1, 4, 191.53, 204.79),
	(430, 2009, 10, 9, 8, 166.55, 146.55),
	(431, 2009, 10, 2, 6, 208.34, 193.18),
	(432, 2009, 10, 5, 3, 182.35, 214.01),
	(433, 2009, 10, 7, 10, 158.49, 216.04),
	(434, 2009, 10, 4, 1, 204.79, 191.53),
	(435, 2009, 10, 8, 9, 146.55, 166.55),
	(436, 2009, 10, 10, 7, 216.04, 158.49),
	(437, 2009, 10, 3, 5, 214.01, 182.35),
	(438, 2009, 10, 6, 2, 193.18, 208.34),
	(439, 2009, 11, 1, 5, 210.6, 222.19),
	(440, 2009, 11, 9, 4, 266.38, 170.22),
	(441, 2009, 11, 2, 8, 164.07, 216.28),
	(442, 2009, 11, 5, 1, 222.19, 210.6),
	(443, 2009, 11, 7, 6, 151.55, 160.55),
	(444, 2009, 11, 4, 9, 170.22, 266.38),
	(445, 2009, 11, 8, 2, 216.28, 164.07),
	(446, 2009, 11, 10, 3, 177.7, 137.77),
	(447, 2009, 11, 3, 10, 137.77, 177.7),
	(448, 2009, 11, 6, 7, 160.55, 151.55),
	(449, 2009, 12, 1, 9, 254.17, 172.18),
	(450, 2009, 12, 9, 1, 172.18, 254.17),
	(451, 2009, 12, 2, 4, 170.03, 234.28),
	(452, 2009, 12, 5, 10, 231.91, 172.2),
	(453, 2009, 12, 7, 8, 229.91, 183.94),
	(454, 2009, 12, 4, 2, 234.28, 170.03),
	(455, 2009, 12, 8, 7, 183.94, 229.91),
	(456, 2009, 12, 10, 5, 172.2, 231.91),
	(457, 2009, 12, 3, 6, 164.93, 158.53),
	(458, 2009, 12, 6, 3, 158.53, 164.93),
	(459, 2009, 13, 1, 10, 217.06, 195.84),
	(460, 2009, 13, 9, 2, 179.47, 238.67),
	(461, 2009, 13, 2, 9, 238.67, 179.47),
	(462, 2009, 13, 5, 6, 209.45, 155.09),
	(463, 2009, 13, 7, 4, 170.42, 210.62),
	(464, 2009, 13, 4, 7, 210.62, 170.42),
	(465, 2009, 13, 8, 3, 172.2, 157.68),
	(466, 2009, 13, 10, 1, 195.84, 217.06),
	(467, 2009, 13, 3, 8, 157.68, 172.2),
	(468, 2009, 13, 6, 5, 155.09, 209.45),
	(469, 2010, 1, 1, 5, 200.22, 162.08),
	(470, 2010, 1, 9, 7, 192.44, 152.89),
	(471, 2010, 1, 2, 3, 145.04, 243.22),
	(472, 2010, 1, 5, 1, 162.08, 200.22),
	(473, 2010, 1, 7, 9, 152.89, 192.44),
	(474, 2010, 1, 4, 8, 175.36, 194.05),
	(475, 2010, 1, 8, 4, 194.05, 175.36),
	(476, 2010, 1, 10, 6, 202.13, 145.08),
	(477, 2010, 1, 3, 2, 243.22, 145.04),
	(478, 2010, 1, 6, 10, 145.08, 202.13),
	(479, 2010, 2, 1, 3, 196.16, 244.3),
	(480, 2010, 2, 9, 5, 192.82, 271.41),
	(481, 2010, 2, 2, 10, 250.02, 154.84),
	(482, 2010, 2, 5, 9, 271.41, 192.82),
	(483, 2010, 2, 7, 8, 145.12, 184.36),
	(484, 2010, 2, 4, 6, 203.18, 174.23),
	(485, 2010, 2, 8, 7, 184.36, 145.12),
	(486, 2010, 2, 10, 2, 154.84, 250.02),
	(487, 2010, 2, 3, 1, 244.3, 196.16),
	(488, 2010, 2, 6, 4, 174.23, 203.18),
	(489, 2010, 3, 1, 10, 142.14, 188.48),
	(490, 2010, 3, 9, 3, 171.86, 182.52),
	(491, 2010, 3, 2, 4, 232.09, 187.96),
	(492, 2010, 3, 5, 7, 220.78, 249.68),
	(493, 2010, 3, 7, 5, 249.68, 220.78),
	(494, 2010, 3, 4, 2, 187.96, 232.09),
	(495, 2010, 3, 8, 6, 173.81, 258.27),
	(496, 2010, 3, 10, 1, 188.48, 142.14),
	(497, 2010, 3, 3, 9, 182.52, 171.86),
	(498, 2010, 3, 6, 8, 258.27, 173.81),
	(499, 2010, 4, 1, 4, 156.77, 170),
	(500, 2010, 4, 9, 10, 205.5, 207.54),
	(501, 2010, 4, 2, 6, 179.19, 105.74),
	(502, 2010, 4, 5, 8, 236.95, 187.2),
	(503, 2010, 4, 7, 3, 194.44, 248.76),
	(504, 2010, 4, 4, 1, 170, 156.77),
	(505, 2010, 4, 8, 5, 187.2, 236.95),
	(506, 2010, 4, 10, 9, 207.54, 205.5),
	(507, 2010, 4, 3, 7, 248.76, 194.44),
	(508, 2010, 4, 6, 2, 105.74, 179.19),
	(509, 2010, 5, 1, 6, 260.78, 179.6),
	(510, 2010, 5, 9, 4, 191.76, 243.02),
	(511, 2010, 5, 2, 8, 180.79, 142.56),
	(512, 2010, 5, 5, 3, 197.17, 152.11),
	(513, 2010, 5, 7, 10, 205.63, 189.72),
	(514, 2010, 5, 4, 9, 243.02, 191.76),
	(515, 2010, 5, 8, 2, 142.56, 180.79),
	(516, 2010, 5, 10, 7, 189.72, 205.63),
	(517, 2010, 5, 3, 5, 152.11, 197.17),
	(518, 2010, 5, 6, 1, 179.6, 260.78),
	(519, 2010, 6, 1, 2, 150.58, 188.08),
	(520, 2010, 6, 9, 6, 200.14, 181.68),
	(521, 2010, 6, 2, 1, 188.08, 150.58),
	(522, 2010, 6, 5, 10, 180.94, 162.1),
	(523, 2010, 6, 7, 4, 152.61, 189.4),
	(524, 2010, 6, 4, 7, 189.4, 152.61),
	(525, 2010, 6, 8, 3, 194.24, 174.69),
	(526, 2010, 6, 10, 5, 162.1, 180.94),
	(527, 2010, 6, 3, 8, 174.69, 194.24),
	(528, 2010, 6, 6, 9, 181.68, 200.14),
	(529, 2010, 7, 1, 8, 213.82, 171.44),
	(530, 2010, 7, 9, 2, 210.16, 192.65),
	(531, 2010, 7, 2, 9, 192.65, 210.16),
	(532, 2010, 7, 5, 4, 201.18, 210.72),
	(533, 2010, 7, 7, 6, 195.34, 200.19),
	(534, 2010, 7, 4, 5, 210.72, 201.18),
	(535, 2010, 7, 8, 1, 171.44, 213.82),
	(536, 2010, 7, 10, 3, 174.86, 161.93),
	(537, 2010, 7, 3, 10, 161.93, 174.86),
	(538, 2010, 7, 6, 7, 200.19, 195.34),
	(539, 2010, 8, 1, 9, 165.3, 201.4),
	(540, 2010, 8, 9, 1, 201.4, 165.3),
	(541, 2010, 8, 2, 7, 190.27, 155.68),
	(542, 2010, 8, 5, 6, 176.97, 105.95),
	(543, 2010, 8, 7, 2, 155.68, 190.27),
	(544, 2010, 8, 4, 3, 162, 169.46),
	(545, 2010, 8, 8, 10, 218.6, 242.64),
	(546, 2010, 8, 10, 8, 242.64, 218.6),
	(547, 2010, 8, 3, 4, 169.46, 162),
	(548, 2010, 8, 6, 5, 105.95, 176.97),
	(549, 2010, 9, 1, 7, 166.46, 163.04),
	(550, 2010, 9, 9, 8, 154.46, 244.46),
	(551, 2010, 9, 2, 5, 230.48, 192.93),
	(552, 2010, 9, 5, 2, 192.93, 230.48),
	(553, 2010, 9, 7, 1, 163.04, 166.46),
	(554, 2010, 9, 4, 10, 191.68, 184.09),
	(555, 2010, 9, 8, 9, 244.46, 154.46),
	(556, 2010, 9, 10, 4, 184.09, 191.68),
	(557, 2010, 9, 3, 6, 190.63, 163.73),
	(558, 2010, 9, 6, 3, 163.73, 190.63),
	(559, 2010, 10, 1, 5, 218.88, 234.06),
	(560, 2010, 10, 9, 7, 300.44, 203.8),
	(561, 2010, 10, 2, 3, 183.23, 207.39),
	(562, 2010, 10, 5, 1, 234.06, 218.88),
	(563, 2010, 10, 7, 9, 203.8, 300.44),
	(564, 2010, 10, 4, 8, 168.8, 171.77),
	(565, 2010, 10, 8, 4, 171.77, 168.8),
	(566, 2010, 10, 10, 6, 212.03, 178.12),
	(567, 2010, 10, 3, 2, 207.39, 183.23),
	(568, 2010, 10, 6, 10, 178.12, 212.03),
	(569, 2010, 11, 1, 3, 242.54, 179.02),
	(570, 2010, 11, 9, 5, 158.26, 227.21),
	(571, 2010, 11, 2, 10, 199.64, 176.48),
	(572, 2010, 11, 5, 9, 227.21, 158.26),
	(573, 2010, 11, 7, 8, 232.61, 262.9),
	(574, 2010, 11, 4, 6, 231.3, 186.04),
	(575, 2010, 11, 8, 7, 262.9, 232.61),
	(576, 2010, 11, 10, 2, 176.48, 199.64),
	(577, 2010, 11, 3, 1, 179.02, 242.54),
	(578, 2010, 11, 6, 4, 186.04, 231.3),
	(579, 2010, 12, 1, 10, 229.16, 126.83),
	(580, 2010, 12, 9, 3, 228.7, 199.57),
	(581, 2010, 12, 2, 4, 181.44, 177.35),
	(582, 2010, 12, 5, 7, 218.48, 196.61),
	(583, 2010, 12, 7, 5, 196.61, 218.48),
	(584, 2010, 12, 4, 2, 177.35, 181.44),
	(585, 2010, 12, 8, 6, 179.46, 136.22),
	(586, 2010, 12, 10, 1, 126.83, 229.16),
	(587, 2010, 12, 3, 9, 199.57, 228.7),
	(588, 2010, 12, 6, 8, 136.22, 179.46),
	(589, 2010, 13, 1, 4, 184.96, 215.28),
	(590, 2010, 13, 9, 10, 178.2, 190.65),
	(591, 2010, 13, 2, 6, 208.5, 138.86),
	(592, 2010, 13, 5, 8, 236.7, 167.72),
	(593, 2010, 13, 7, 3, 164.69, 182.17),
	(594, 2010, 13, 4, 1, 215.28, 184.96),
	(595, 2010, 13, 8, 5, 167.72, 236.7),
	(596, 2010, 13, 10, 9, 190.65, 178.2),
	(597, 2010, 13, 3, 7, 182.17, 164.69),
	(598, 2010, 13, 6, 2, 138.86, 208.5),
	(599, 2011, 1, 1, 9, 158.07, 199.2),
	(600, 2011, 1, 9, 1, 199.2, 158.07),
	(601, 2011, 1, 2, 4, 182.9, 250.1),
	(602, 2011, 1, 5, 7, 167.01, 174.5),
	(603, 2011, 1, 7, 5, 174.5, 167.01),
	(604, 2011, 1, 4, 2, 250.1, 182.9),
	(605, 2011, 1, 8, 3, 207.9, 159.35),
	(606, 2011, 1, 10, 6, 197.26, 192.85),
	(607, 2011, 1, 3, 8, 159.35, 207.9),
	(608, 2011, 1, 6, 10, 192.85, 197.26),
	(609, 2011, 2, 1, 8, 238.9, 195.45),
	(610, 2011, 2, 9, 6, 187.4, 159.03),
	(611, 2011, 2, 2, 5, 184.4, 194.7),
	(612, 2011, 2, 5, 2, 194.7, 184.4),
	(613, 2011, 2, 7, 10, 233.5, 179.35),
	(614, 2011, 2, 4, 3, 238.17, 139.63),
	(615, 2011, 2, 8, 1, 195.45, 238.9),
	(616, 2011, 2, 10, 7, 179.35, 233.5),
	(617, 2011, 2, 3, 4, 139.63, 238.17),
	(618, 2011, 2, 6, 9, 159.03, 187.4),
	(619, 2011, 3, 1, 4, 213.47, 225.92),
	(620, 2011, 3, 9, 8, 179.85, 238.4),
	(621, 2011, 3, 2, 10, 188.3, 209.5),
	(622, 2011, 3, 5, 3, 146.99, 166.27),
	(623, 2011, 3, 7, 6, 127, 193),
	(624, 2011, 3, 4, 1, 225.92, 213.47),
	(625, 2011, 3, 8, 9, 238.4, 179.85),
	(626, 2011, 3, 10, 2, 209.5, 188.3),
	(627, 2011, 3, 3, 5, 166.27, 146.99),
	(628, 2011, 3, 6, 7, 193, 127),
	(629, 2011, 4, 1, 5, 211.53, 223.99),
	(630, 2011, 4, 9, 4, 195.76, 222.56),
	(631, 2011, 4, 2, 7, 196.47, 161.83),
	(632, 2011, 4, 5, 1, 223.99, 211.53),
	(633, 2011, 4, 7, 2, 161.83, 196.47),
	(634, 2011, 4, 4, 9, 222.56, 195.76),
	(635, 2011, 4, 8, 6, 192.3, 154.1),
	(636, 2011, 4, 10, 3, 219.77, 148.25),
	(637, 2011, 4, 3, 10, 148.25, 219.77),
	(638, 2011, 4, 6, 8, 154.1, 192.3),
	(639, 2011, 5, 1, 10, 269.03, 184.5),
	(640, 2011, 5, 9, 5, 194.91, 198.72),
	(641, 2011, 5, 2, 6, 178.98, 159.14),
	(642, 2011, 5, 5, 9, 198.72, 194.91),
	(643, 2011, 5, 7, 3, 144.26, 187.35),
	(644, 2011, 5, 4, 8, 178.57, 155.92),
	(645, 2011, 5, 8, 4, 155.92, 178.57),
	(646, 2011, 5, 10, 1, 184.5, 269.03),
	(647, 2011, 5, 3, 7, 187.35, 144.26),
	(648, 2011, 5, 6, 2, 159.14, 178.98),
	(649, 2011, 6, 1, 7, 195.78, 151.94),
	(650, 2011, 6, 9, 10, 190.37, 151.46),
	(651, 2011, 6, 2, 3, 203.32, 98.53),
	(652, 2011, 6, 5, 8, 165.2, 174.31),
	(653, 2011, 6, 7, 1, 151.94, 195.78),
	(654, 2011, 6, 4, 6, 197.1, 151.6),
	(655, 2011, 6, 8, 5, 174.31, 165.2),
	(656, 2011, 6, 10, 9, 151.46, 190.37),
	(657, 2011, 6, 3, 2, 98.53, 203.32),
	(658, 2011, 6, 6, 4, 151.6, 197.1),
	(659, 2011, 7, 1, 2, 141.84, 206.77),
	(660, 2011, 7, 9, 7, 138.92, 126.2),
	(661, 2011, 7, 2, 1, 206.77, 141.84),
	(662, 2011, 7, 5, 4, 170.31, 185.25),
	(663, 2011, 7, 7, 9, 126.2, 138.92),
	(664, 2011, 7, 4, 5, 185.25, 170.31),
	(665, 2011, 7, 8, 10, 138.55, 159.67),
	(666, 2011, 7, 10, 8, 159.67, 138.55),
	(667, 2011, 7, 3, 6, 213.15, 135.05),
	(668, 2011, 7, 6, 3, 135.05, 213.15),
	(669, 2011, 8, 1, 3, 172.89, 206.83),
	(670, 2011, 8, 9, 2, 223.95, 249.08),
	(671, 2011, 8, 2, 9, 249.08, 223.95),
	(672, 2011, 8, 5, 6, 170.47, 115.67),
	(673, 2011, 8, 7, 8, 197.67, 168.81),
	(674, 2011, 8, 4, 10, 190.35, 197.13),
	(675, 2011, 8, 8, 7, 168.81, 197.67),
	(676, 2011, 8, 10, 4, 197.13, 190.35),
	(677, 2011, 8, 3, 1, 206.83, 172.89),
	(678, 2011, 8, 6, 5, 115.67, 170.47),
	(679, 2011, 9, 1, 6, 174.35, 154.07),
	(680, 2011, 9, 9, 3, 184.9, 220.25),
	(681, 2011, 9, 2, 8, 178.75, 172.9),
	(682, 2011, 9, 5, 10, 207, 193.72),
	(683, 2011, 9, 7, 4, 170.52, 193.88),
	(684, 2011, 9, 4, 7, 193.88, 170.52),
	(685, 2011, 9, 8, 2, 172.9, 178.75),
	(686, 2011, 9, 10, 5, 193.72, 207),
	(687, 2011, 9, 3, 9, 220.25, 184.9),
	(688, 2011, 9, 6, 1, 154.07, 174.35),
	(689, 2011, 10, 1, 9, 173.28, 172.2),
	(690, 2011, 10, 9, 1, 172.2, 173.28),
	(691, 2011, 10, 2, 4, 185.37, 225.62),
	(692, 2011, 10, 5, 7, 183.27, 162.82),
	(693, 2011, 10, 7, 5, 162.82, 183.27),
	(694, 2011, 10, 4, 2, 225.62, 185.37),
	(695, 2011, 10, 8, 3, 181.44, 218.97),
	(696, 2011, 10, 10, 6, 127.4, 146.85),
	(697, 2011, 10, 3, 8, 218.97, 181.44),
	(698, 2011, 10, 6, 10, 146.85, 127.4),
	(699, 2011, 11, 1, 8, 190.6, 181.53),
	(700, 2011, 11, 9, 6, 176.01, 107.25),
	(701, 2011, 11, 2, 5, 176.02, 231.73),
	(702, 2011, 11, 5, 2, 231.73, 176.02),
	(703, 2011, 11, 7, 10, 168.6, 168.68),
	(704, 2011, 11, 4, 3, 199.85, 147.2),
	(705, 2011, 11, 8, 1, 181.53, 190.6),
	(706, 2011, 11, 10, 7, 168.68, 168.6),
	(707, 2011, 11, 3, 4, 147.2, 199.85),
	(708, 2011, 11, 6, 9, 107.25, 176.01),
	(709, 2011, 12, 1, 4, 180.56, 188.75),
	(710, 2011, 12, 9, 8, 183.4, 169.55),
	(711, 2011, 12, 2, 10, 181.37, 200.26),
	(712, 2011, 12, 5, 3, 208.43, 219.57),
	(713, 2011, 12, 7, 6, 135.36, 114.1),
	(714, 2011, 12, 4, 1, 188.75, 180.56),
	(715, 2011, 12, 8, 9, 169.55, 183.4),
	(716, 2011, 12, 10, 2, 200.26, 181.37),
	(717, 2011, 12, 3, 5, 219.57, 208.43),
	(718, 2011, 12, 6, 7, 114.1, 135.36),
	(719, 2011, 13, 1, 5, 171.17, 251),
	(720, 2011, 13, 9, 4, 261.2, 191.18),
	(721, 2011, 13, 2, 7, 222.63, 151.05),
	(722, 2011, 13, 5, 1, 251, 171.17),
	(723, 2011, 13, 7, 2, 151.05, 222.63),
	(724, 2011, 13, 4, 9, 191.18, 261.2),
	(725, 2011, 13, 8, 6, 143.62, 127.45),
	(726, 2011, 13, 10, 3, 162.3, 173.67),
	(727, 2011, 13, 3, 10, 173.67, 162.3),
	(728, 2011, 13, 6, 8, 127.45, 143.62),
	(729, 2012, 1, 1, 9, 223.52, 200.38),
	(730, 2012, 1, 9, 1, 200.38, 223.52),
	(731, 2012, 1, 2, 10, 217.16, 207.11),
	(732, 2012, 1, 5, 7, 204.75, 158.08),
	(733, 2012, 1, 7, 5, 158.08, 204.75),
	(734, 2012, 1, 4, 3, 150.54, 205.79),
	(735, 2012, 1, 8, 6, 202.96, 184.04),
	(736, 2012, 1, 10, 2, 207.11, 217.16),
	(737, 2012, 1, 3, 4, 205.79, 150.54),
	(738, 2012, 1, 6, 8, 184.04, 202.96),
	(739, 2012, 2, 1, 2, 247.21, 180.62),
	(740, 2012, 2, 9, 6, 177.78, 178.56),
	(741, 2012, 2, 2, 1, 180.62, 247.21),
	(742, 2012, 2, 5, 10, 179.05, 204.8),
	(743, 2012, 2, 7, 3, 220.16, 183.6),
	(744, 2012, 2, 4, 8, 183.96, 216.77),
	(745, 2012, 2, 8, 4, 216.77, 183.96),
	(746, 2012, 2, 10, 5, 204.8, 179.05),
	(747, 2012, 2, 3, 7, 183.6, 220.16),
	(748, 2012, 2, 6, 9, 178.56, 177.78),
	(749, 2012, 3, 1, 5, 223.47, 173.95),
	(750, 2012, 3, 9, 2, 159.46, 191.92),
	(751, 2012, 3, 2, 9, 191.92, 159.46),
	(752, 2012, 3, 5, 1, 173.95, 223.47),
	(753, 2012, 3, 7, 8, 245.49, 185.4),
	(754, 2012, 3, 4, 6, 181.69, 174.9),
	(755, 2012, 3, 8, 7, 185.4, 245.49),
	(756, 2012, 3, 10, 3, 183.26, 192.72),
	(757, 2012, 3, 3, 10, 192.72, 183.26),
	(758, 2012, 3, 6, 4, 174.9, 181.69),
	(759, 2012, 4, 1, 3, 256.27, 177.34),
	(760, 2012, 4, 9, 5, 250.11, 210.05),
	(761, 2012, 4, 2, 6, 242.26, 168.54),
	(762, 2012, 4, 5, 9, 210.05, 250.11),
	(763, 2012, 4, 7, 4, 171.18, 168.4),
	(764, 2012, 4, 4, 7, 168.4, 171.18),
	(765, 2012, 4, 8, 10, 242.34, 228.94),
	(766, 2012, 4, 10, 8, 228.94, 242.34),
	(767, 2012, 4, 3, 1, 177.34, 256.27),
	(768, 2012, 4, 6, 2, 168.54, 242.26),
	(769, 2012, 5, 1, 8, 216.52, 175.76),
	(770, 2012, 5, 9, 3, 212.98, 214.42),
	(771, 2012, 5, 2, 5, 223.42, 139.4),
	(772, 2012, 5, 5, 2, 139.4, 223.42),
	(773, 2012, 5, 7, 6, 215.59, 174.7),
	(774, 2012, 5, 4, 10, 168.38, 172.9),
	(775, 2012, 5, 8, 1, 175.76, 216.52),
	(776, 2012, 5, 10, 4, 172.9, 168.38),
	(777, 2012, 5, 3, 9, 214.42, 212.98),
	(778, 2012, 5, 6, 7, 174.7, 215.59),
	(779, 2012, 6, 1, 4, 216.18, 191.62),
	(780, 2012, 6, 9, 8, 227.24, 172.8),
	(781, 2012, 6, 2, 3, 193.99, 198.5),
	(782, 2012, 6, 5, 6, 236.41, 171.84),
	(783, 2012, 6, 7, 10, 193.67, 172.66),
	(784, 2012, 6, 4, 1, 191.62, 216.18),
	(785, 2012, 6, 8, 9, 172.8, 227.24),
	(786, 2012, 6, 10, 7, 172.66, 193.67),
	(787, 2012, 6, 3, 2, 198.5, 193.99),
	(788, 2012, 6, 6, 5, 171.84, 236.41),
	(789, 2012, 7, 1, 7, 166.95, 172.67),
	(790, 2012, 7, 9, 4, 177.21, 162.44),
	(791, 2012, 7, 2, 8, 224.8, 194.84),
	(792, 2012, 7, 5, 3, 188.8, 153.46),
	(793, 2012, 7, 7, 1, 172.67, 166.95),
	(794, 2012, 7, 4, 9, 162.44, 177.21),
	(795, 2012, 7, 8, 2, 194.84, 224.8),
	(796, 2012, 7, 10, 6, 194.6, 229.34),
	(797, 2012, 7, 3, 5, 153.46, 188.8),
	(798, 2012, 7, 6, 10, 229.34, 194.6),
	(799, 2012, 8, 1, 10, 185.27, 191.1),
	(800, 2012, 8, 9, 7, 246.59, 161.36),
	(801, 2012, 8, 2, 4, 196.23, 238.42),
	(802, 2012, 8, 5, 8, 195.88, 191.82),
	(803, 2012, 8, 7, 9, 161.36, 246.59),
	(804, 2012, 8, 4, 2, 238.42, 196.23),
	(805, 2012, 8, 8, 5, 191.82, 195.88),
	(806, 2012, 8, 10, 1, 191.1, 185.27),
	(807, 2012, 8, 3, 6, 185.81, 200.72),
	(808, 2012, 8, 6, 3, 200.72, 185.81),
	(809, 2012, 9, 1, 6, 180.25, 257.4),
	(810, 2012, 9, 9, 10, 184.81, 139.25),
	(811, 2012, 9, 2, 7, 230.02, 163.42),
	(812, 2012, 9, 5, 4, 245.7, 134.1),
	(813, 2012, 9, 7, 2, 163.42, 230.02),
	(814, 2012, 9, 4, 5, 134.1, 245.7),
	(815, 2012, 9, 8, 3, 195, 186.72),
	(816, 2012, 9, 10, 9, 139.25, 184.81),
	(817, 2012, 9, 3, 8, 186.72, 195),
	(818, 2012, 9, 6, 1, 257.4, 180.25),
	(819, 2012, 10, 1, 9, 214.32, 136.66),
	(820, 2012, 10, 9, 1, 136.66, 214.32),
	(821, 2012, 10, 2, 10, 235.24, 176.08),
	(822, 2012, 10, 5, 7, 187.08, 186.78),
	(823, 2012, 10, 7, 5, 186.78, 187.08),
	(824, 2012, 10, 4, 3, 218.4, 197.6),
	(825, 2012, 10, 8, 6, 214.8, 136.34),
	(826, 2012, 10, 10, 2, 176.08, 235.24),
	(827, 2012, 10, 3, 4, 197.6, 218.4),
	(828, 2012, 10, 6, 8, 136.34, 214.8),
	(829, 2012, 11, 1, 2, 210.92, 221.21),
	(830, 2012, 11, 9, 6, 217.44, 219.46),
	(831, 2012, 11, 2, 1, 221.21, 210.92),
	(832, 2012, 11, 5, 10, 152.78, 188.66),
	(833, 2012, 11, 7, 3, 174.72, 179.26),
	(834, 2012, 11, 4, 8, 157.76, 198.6),
	(835, 2012, 11, 8, 4, 198.6, 157.76),
	(836, 2012, 11, 10, 5, 188.66, 152.78),
	(837, 2012, 11, 3, 7, 179.26, 174.72),
	(838, 2012, 11, 6, 9, 219.46, 217.44),
	(839, 2012, 12, 1, 5, 227, 220.2),
	(840, 2012, 12, 9, 2, 231.84, 210.81),
	(841, 2012, 12, 2, 9, 210.81, 231.84),
	(842, 2012, 12, 5, 1, 220.2, 227),
	(843, 2012, 12, 7, 8, 206.21, 202.04),
	(844, 2012, 12, 4, 6, 175.16, 207.18),
	(845, 2012, 12, 8, 7, 202.04, 206.21),
	(846, 2012, 12, 10, 3, 155.95, 199.81),
	(847, 2012, 12, 3, 10, 199.81, 155.95),
	(848, 2012, 12, 6, 4, 207.18, 175.16),
	(849, 2012, 13, 1, 3, 213.51, 191.92),
	(850, 2012, 13, 9, 5, 190.11, 199.06),
	(851, 2012, 13, 2, 6, 189.49, 206.72),
	(852, 2012, 13, 5, 9, 199.06, 190.11),
	(853, 2012, 13, 7, 4, 251.44, 190.32),
	(854, 2012, 13, 4, 7, 190.32, 251.44),
	(855, 2012, 13, 8, 10, 208.26, 132.6),
	(856, 2012, 13, 10, 8, 132.6, 208.26),
	(857, 2012, 13, 3, 1, 191.92, 213.51),
	(858, 2012, 13, 6, 2, 206.72, 189.49),
	(859, 2013, 1, 1, 6, 219.1, 195.48),
	(860, 2013, 1, 9, 4, 241.18, 217.52),
	(861, 2013, 1, 2, 7, 207.19, 193.24),
	(862, 2013, 1, 5, 10, 218.38, 207.82),
	(863, 2013, 1, 7, 2, 193.24, 207.19),
	(864, 2013, 1, 4, 9, 217.52, 241.18),
	(865, 2013, 1, 8, 3, 214.73, 204.17),
	(866, 2013, 1, 10, 5, 207.82, 218.38),
	(867, 2013, 1, 3, 8, 204.17, 214.73),
	(868, 2013, 1, 6, 1, 195.48, 219.1),
	(869, 2013, 2, 1, 5, 233.06, 189.82),
	(870, 2013, 2, 9, 8, 253.6, 221.46),
	(871, 2013, 2, 2, 4, 241.79, 193.7),
	(872, 2013, 2, 5, 1, 189.82, 233.06),
	(873, 2013, 2, 7, 10, 181.45, 130.3),
	(874, 2013, 2, 4, 2, 193.7, 241.79),
	(875, 2013, 2, 8, 9, 221.46, 253.6),
	(876, 2013, 2, 10, 7, 130.3, 181.45),
	(877, 2013, 2, 3, 6, 158.24, 144.46),
	(878, 2013, 2, 6, 3, 144.46, 158.24),
	(879, 2013, 3, 1, 3, 231.07, 218),
	(880, 2013, 3, 9, 6, 196.89, 211.64),
	(881, 2013, 3, 2, 8, 187.4, 207.54),
	(882, 2013, 3, 5, 7, 174.05, 205.24),
	(883, 2013, 3, 7, 5, 205.24, 174.05),
	(884, 2013, 3, 4, 10, 169.1, 135.77),
	(885, 2013, 3, 8, 2, 207.54, 187.4),
	(886, 2013, 3, 10, 4, 135.77, 169.1),
	(887, 2013, 3, 3, 1, 218, 231.07),
	(888, 2013, 3, 6, 9, 211.64, 196.89),
	(889, 2013, 4, 1, 9, 198.13, 202.32),
	(890, 2013, 4, 9, 1, 202.32, 198.13),
	(891, 2013, 4, 2, 6, 201.64, 202.75),
	(892, 2013, 4, 5, 3, 188.14, 218.51),
	(893, 2013, 4, 7, 4, 208.64, 209.58),
	(894, 2013, 4, 4, 7, 209.58, 208.64),
	(895, 2013, 4, 8, 10, 248.47, 228.98),
	(896, 2013, 4, 10, 8, 228.98, 248.47),
	(897, 2013, 4, 3, 5, 218.51, 188.14),
	(898, 2013, 4, 6, 2, 202.75, 201.64),
	(899, 2013, 5, 1, 2, 190.43, 197.22),
	(900, 2013, 5, 9, 3, 172.96, 218.15),
	(901, 2013, 5, 2, 1, 197.22, 190.43),
	(902, 2013, 5, 5, 4, 158.97, 186.82),
	(903, 2013, 5, 7, 8, 198.15, 224.56),
	(904, 2013, 5, 4, 5, 186.82, 158.97),
	(905, 2013, 5, 8, 7, 224.56, 198.15),
	(906, 2013, 5, 10, 6, 139.72, 225.16),
	(907, 2013, 5, 3, 9, 218.15, 172.96),
	(908, 2013, 5, 6, 10, 225.16, 139.72),
	(909, 2013, 6, 1, 10, 218.26, 129.84),
	(910, 2013, 6, 9, 5, 185.49, 209.89),
	(911, 2013, 6, 2, 3, 154.21, 170.98),
	(912, 2013, 6, 5, 9, 209.89, 185.49),
	(913, 2013, 6, 7, 6, 205.6, 164.23),
	(914, 2013, 6, 4, 8, 212.7, 157.83),
	(915, 2013, 6, 8, 4, 157.83, 212.7),
	(916, 2013, 6, 10, 1, 129.84, 218.26),
	(917, 2013, 6, 3, 2, 170.98, 154.21),
	(918, 2013, 6, 6, 7, 164.23, 205.6),
	(919, 2013, 7, 1, 7, 255.88, 190.13),
	(920, 2013, 7, 9, 2, 184.92, 180.63),
	(921, 2013, 7, 2, 9, 180.63, 184.92),
	(922, 2013, 7, 5, 8, 177.78, 206.5),
	(923, 2013, 7, 7, 1, 190.13, 255.88),
	(924, 2013, 7, 4, 6, 151.65, 191.84),
	(925, 2013, 7, 8, 5, 206.5, 177.78),
	(926, 2013, 7, 10, 3, 166, 190.83),
	(927, 2013, 7, 3, 10, 190.83, 166),
	(928, 2013, 7, 6, 4, 191.84, 151.65),
	(929, 2013, 8, 1, 4, 183.8, 229.84),
	(930, 2013, 8, 9, 10, 184.5, 158.22),
	(931, 2013, 8, 2, 5, 142.63, 186.06),
	(932, 2013, 8, 5, 2, 186.06, 142.63),
	(933, 2013, 8, 7, 3, 225.11, 207.3),
	(934, 2013, 8, 4, 1, 229.84, 183.8),
	(935, 2013, 8, 8, 6, 122.28, 178.07),
	(936, 2013, 8, 10, 9, 158.22, 184.5),
	(937, 2013, 8, 3, 7, 207.3, 225.11),
	(938, 2013, 8, 6, 8, 178.07, 122.28),
	(939, 2013, 9, 1, 8, 216.29, 154.02),
	(940, 2013, 9, 9, 7, 230.83, 203.05),
	(941, 2013, 9, 2, 10, 204.58, 96.34),
	(942, 2013, 9, 5, 6, 198.3, 138.78),
	(943, 2013, 9, 7, 9, 203.05, 230.83),
	(944, 2013, 9, 4, 3, 231.99, 208.96),
	(945, 2013, 9, 8, 1, 154.02, 216.29),
	(946, 2013, 9, 10, 2, 96.34, 204.58),
	(947, 2013, 9, 3, 4, 208.96, 231.99),
	(948, 2013, 9, 6, 5, 138.78, 198.3),
	(949, 2013, 10, 1, 6, 186.63, 215.53),
	(950, 2013, 10, 9, 4, 192.8, 195.46),
	(951, 2013, 10, 2, 7, 166.68, 227.42),
	(952, 2013, 10, 5, 10, 155.06, 137.02),
	(953, 2013, 10, 7, 2, 227.42, 166.68),
	(954, 2013, 10, 4, 9, 195.46, 192.8),
	(955, 2013, 10, 8, 3, 134.26, 189.38),
	(956, 2013, 10, 10, 5, 137.02, 155.06),
	(957, 2013, 10, 3, 8, 189.38, 134.26),
	(958, 2013, 10, 6, 1, 215.53, 186.63),
	(959, 2013, 11, 1, 5, 202.74, 152.32),
	(960, 2013, 11, 9, 8, 208.88, 136.32),
	(961, 2013, 11, 2, 4, 195.79, 192.16),
	(962, 2013, 11, 5, 1, 152.32, 202.74),
	(963, 2013, 11, 7, 10, 206.92, 192.2),
	(964, 2013, 11, 4, 2, 192.16, 195.79),
	(965, 2013, 11, 8, 9, 136.32, 208.88),
	(966, 2013, 11, 10, 7, 192.2, 206.92),
	(967, 2013, 11, 3, 6, 177.37, 201.57),
	(968, 2013, 11, 6, 3, 201.57, 177.37),
	(969, 2013, 12, 1, 3, 148.54, 176.95),
	(970, 2013, 12, 9, 6, 168.08, 171.65),
	(971, 2013, 12, 2, 8, 162.47, 159.71),
	(972, 2013, 12, 5, 7, 147.7, 219.26),
	(973, 2013, 12, 7, 5, 219.26, 147.7),
	(974, 2013, 12, 4, 10, 298.4, 161.98),
	(975, 2013, 12, 8, 2, 159.71, 162.47),
	(976, 2013, 12, 10, 4, 161.98, 298.4),
	(977, 2013, 12, 3, 1, 176.95, 148.54),
	(978, 2013, 12, 6, 9, 171.65, 168.08),
	(979, 2013, 13, 1, 9, 219.93, 190.61),
	(980, 2013, 13, 9, 1, 190.61, 219.93),
	(981, 2013, 13, 2, 6, 164.79, 209.72),
	(982, 2013, 13, 5, 3, 169.47, 208.29),
	(983, 2013, 13, 7, 4, 215.54, 235.07),
	(984, 2013, 13, 4, 7, 235.07, 215.54),
	(985, 2013, 13, 8, 10, 214.12, 218.41),
	(986, 2013, 13, 10, 8, 218.41, 214.12),
	(987, 2013, 13, 3, 5, 208.29, 169.47),
	(988, 2013, 13, 6, 2, 209.72, 164.79),
	(989, 2014, 1, 1, 8, 169.3, 175.6),
	(990, 2014, 1, 9, 10, 188.72, 173.89),
	(991, 2014, 1, 2, 4, 194.78, 167.16),
	(992, 2014, 1, 5, 7, 172.01, 199.98),
	(993, 2014, 1, 7, 5, 199.98, 172.01),
	(994, 2014, 1, 4, 2, 167.16, 194.78),
	(995, 2014, 1, 8, 1, 175.6, 169.3),
	(996, 2014, 1, 10, 9, 173.89, 188.72),
	(997, 2014, 1, 3, 6, 138.18, 116.9),
	(998, 2014, 1, 6, 3, 116.9, 138.18),
	(999, 2014, 2, 1, 9, 171.58, 152.7),
	(1000, 2014, 2, 9, 1, 152.7, 171.58),
	(1001, 2014, 2, 2, 7, 167.58, 128.58),
	(1002, 2014, 2, 5, 3, 168.06, 128.87),
	(1003, 2014, 2, 7, 2, 128.58, 167.58),
	(1004, 2014, 2, 4, 10, 166.92, 106.41),
	(1005, 2014, 2, 8, 6, 192.68, 154),
	(1006, 2014, 2, 10, 4, 106.41, 166.92),
	(1007, 2014, 2, 3, 5, 128.87, 168.06),
	(1008, 2014, 2, 6, 8, 154, 192.68),
	(1009, 2014, 3, 1, 4, 147.55, 203.03),
	(1010, 2014, 3, 9, 8, 166.85, 161.01),
	(1011, 2014, 3, 2, 3, 167.24, 185.25),
	(1012, 2014, 3, 5, 6, 193.68, 134.22),
	(1013, 2014, 3, 7, 10, 118.74, 159.87),
	(1014, 2014, 3, 4, 1, 203.03, 147.55),
	(1015, 2014, 3, 8, 9, 161.01, 166.85),
	(1016, 2014, 3, 10, 7, 159.87, 118.74),
	(1017, 2014, 3, 3, 2, 185.25, 167.24),
	(1018, 2014, 3, 6, 5, 134.22, 193.68),
	(1019, 2014, 4, 1, 7, 111.62, 211.9),
	(1020, 2014, 4, 9, 6, 166.54, 180.1),
	(1021, 2014, 4, 2, 5, 186.46, 182.51),
	(1022, 2014, 4, 5, 2, 182.51, 186.46),
	(1023, 2014, 4, 7, 1, 211.9, 111.62),
	(1024, 2014, 4, 4, 8, 169.35, 242.84),
	(1025, 2014, 4, 8, 4, 242.84, 169.35),
	(1026, 2014, 4, 10, 3, 174.92, 165.89),
	(1027, 2014, 4, 3, 10, 165.89, 174.92),
	(1028, 2014, 4, 6, 9, 180.1, 166.54),
	(1029, 2014, 5, 1, 3, 145.14, 204),
	(1030, 2014, 5, 9, 4, 189.82, 137.25),
	(1031, 2014, 5, 2, 6, 198.75, 221.46),
	(1032, 2014, 5, 5, 10, 155.2, 161.67),
	(1033, 2014, 5, 7, 8, 178.24, 174.75),
	(1034, 2014, 5, 4, 9, 137.25, 189.82),
	(1035, 2014, 5, 8, 7, 174.75, 178.24),
	(1036, 2014, 5, 10, 5, 161.67, 155.2),
	(1037, 2014, 5, 3, 1, 204, 145.14),
	(1038, 2014, 5, 6, 2, 221.46, 198.75),
	(1039, 2014, 6, 1, 5, 216.28, 175.46),
	(1040, 2014, 6, 9, 7, 150.31, 198.21),
	(1041, 2014, 6, 2, 10, 124.08, 160.14),
	(1042, 2014, 6, 5, 1, 175.46, 216.28),
	(1043, 2014, 6, 7, 9, 198.21, 150.31),
	(1044, 2014, 6, 4, 6, 137.53, 206.32),
	(1045, 2014, 6, 8, 3, 212.26, 154.36),
	(1046, 2014, 6, 10, 2, 160.14, 124.08),
	(1047, 2014, 6, 3, 8, 154.36, 212.26),
	(1048, 2014, 6, 6, 4, 206.32, 137.53),
	(1049, 2014, 7, 1, 2, 186.75, 129.02),
	(1050, 2014, 7, 9, 3, 168.97, 167.89),
	(1051, 2014, 7, 2, 1, 129.02, 186.75),
	(1052, 2014, 7, 5, 8, 174.87, 228.33),
	(1053, 2014, 7, 7, 4, 159.06, 119.66),
	(1054, 2014, 7, 4, 7, 119.66, 159.06),
	(1055, 2014, 7, 8, 5, 228.33, 174.87),
	(1056, 2014, 7, 10, 6, 165.68, 181.14),
	(1057, 2014, 7, 3, 9, 167.89, 168.97),
	(1058, 2014, 7, 6, 10, 181.14, 165.68),
	(1059, 2014, 8, 1, 10, 164.88, 149.41),
	(1060, 2014, 8, 9, 5, 206.58, 260.23),
	(1061, 2014, 8, 2, 8, 181.44, 218.13),
	(1062, 2014, 8, 5, 9, 260.23, 206.58),
	(1063, 2014, 8, 7, 6, 223.84, 161.74),
	(1064, 2014, 8, 4, 3, 151.64, 177.94),
	(1065, 2014, 8, 8, 2, 218.13, 181.44),
	(1066, 2014, 8, 10, 1, 149.41, 164.88),
	(1067, 2014, 8, 3, 4, 177.94, 151.64),
	(1068, 2014, 8, 6, 7, 161.74, 223.84),
	(1069, 2014, 9, 1, 6, 175.63, 145.7),
	(1070, 2014, 9, 9, 2, 187.16, 152.37),
	(1071, 2014, 9, 2, 9, 152.37, 187.16),
	(1072, 2014, 9, 5, 4, 174.6, 131.8),
	(1073, 2014, 9, 7, 3, 153.29, 162.84),
	(1074, 2014, 9, 4, 5, 131.8, 174.6),
	(1075, 2014, 9, 8, 10, 148.45, 202.62),
	(1076, 2014, 9, 10, 8, 202.62, 148.45),
	(1077, 2014, 9, 3, 7, 162.84, 153.29),
	(1078, 2014, 9, 6, 1, 145.7, 175.63),
	(1079, 2014, 10, 1, 8, 190.61, 200.47),
	(1080, 2014, 10, 9, 10, 205.84, 115.78),
	(1081, 2014, 10, 2, 4, 205.7, 166.94),
	(1082, 2014, 10, 5, 7, 175.52, 182.44),
	(1083, 2014, 10, 7, 5, 182.44, 175.52),
	(1084, 2014, 10, 4, 2, 166.94, 205.7),
	(1085, 2014, 10, 8, 1, 200.47, 190.61),
	(1086, 2014, 10, 10, 9, 115.78, 205.84),
	(1087, 2014, 10, 3, 6, 111.04, 174.01),
	(1088, 2014, 10, 6, 3, 174.01, 111.04),
	(1089, 2014, 11, 1, 9, 198.74, 179.78),
	(1090, 2014, 11, 9, 1, 179.78, 198.74),
	(1091, 2014, 11, 2, 7, 200.92, 184.2),
	(1092, 2014, 11, 5, 3, 194.1, 193.5),
	(1093, 2014, 11, 7, 2, 184.2, 200.92),
	(1094, 2014, 11, 4, 10, 155.9, 124.24),
	(1095, 2014, 11, 8, 6, 184.29, 120.18),
	(1096, 2014, 11, 10, 4, 124.24, 155.9),
	(1097, 2014, 11, 3, 5, 193.5, 194.1),
	(1098, 2014, 11, 6, 8, 120.18, 184.29),
	(1099, 2014, 12, 1, 4, 182.75, 155.86),
	(1100, 2014, 12, 9, 8, 175.61, 192.06),
	(1101, 2014, 12, 2, 3, 211.32, 187.5),
	(1102, 2014, 12, 5, 6, 193.52, 174.72),
	(1103, 2014, 12, 7, 10, 132.07, 178.71),
	(1104, 2014, 12, 4, 1, 155.86, 182.75),
	(1105, 2014, 12, 8, 9, 192.06, 175.61),
	(1106, 2014, 12, 10, 7, 178.71, 132.07),
	(1107, 2014, 12, 3, 2, 187.5, 211.32),
	(1108, 2014, 12, 6, 5, 174.72, 193.52),
	(1109, 2014, 13, 1, 7, 190.08, 273.16),
	(1110, 2014, 13, 9, 6, 184.33, 173.16),
	(1111, 2014, 13, 2, 5, 243.84, 198.02),
	(1112, 2014, 13, 5, 2, 198.02, 243.84),
	(1113, 2014, 13, 7, 1, 273.16, 190.08),
	(1114, 2014, 13, 4, 8, 165.84, 169.78),
	(1115, 2014, 13, 8, 4, 169.78, 165.84),
	(1116, 2014, 13, 10, 3, 147.08, 154.42),
	(1117, 2014, 13, 3, 10, 154.42, 147.08),
	(1118, 2014, 13, 6, 9, 173.16, 184.33),
	(1119, 2015, 1, 1, 9, 200.97, 123.08),
	(1120, 2015, 1, 9, 1, 123.08, 200.97),
	(1121, 2015, 1, 2, 10, 203.24, 202.36),
	(1122, 2015, 1, 5, 3, 179.56, 152.79),
	(1123, 2015, 1, 7, 4, 165.04, 178.08),
	(1124, 2015, 1, 4, 7, 178.08, 165.04),
	(1125, 2015, 1, 8, 6, 193.55, 176.26),
	(1126, 2015, 1, 10, 2, 202.36, 203.24),
	(1127, 2015, 1, 3, 5, 152.79, 179.56),
	(1128, 2015, 1, 6, 8, 176.26, 193.55),
	(1129, 2015, 2, 1, 7, 134.45, 139.07),
	(1130, 2015, 2, 9, 6, 180.32, 153.41),
	(1131, 2015, 2, 2, 3, 194.56, 121.25),
	(1132, 2015, 2, 5, 4, 228.3, 182.41),
	(1133, 2015, 2, 7, 1, 139.07, 134.45),
	(1134, 2015, 2, 4, 5, 182.41, 228.3),
	(1135, 2015, 2, 8, 10, 195.33, 195.3),
	(1136, 2015, 2, 10, 8, 195.3, 195.33),
	(1137, 2015, 2, 3, 2, 121.25, 194.56),
	(1138, 2015, 2, 6, 9, 153.41, 180.32),
	(1139, 2015, 3, 1, 5, 155.99, 231.6),
	(1140, 2015, 3, 9, 7, 264.64, 168.16),
	(1141, 2015, 3, 2, 4, 162.22, 169.86),
	(1142, 2015, 3, 5, 1, 231.6, 155.99),
	(1143, 2015, 3, 7, 9, 168.16, 264.64),
	(1144, 2015, 3, 4, 2, 169.86, 162.22),
	(1145, 2015, 3, 8, 3, 194.37, 184.1),
	(1146, 2015, 3, 10, 6, 219.33, 202.25),
	(1147, 2015, 3, 3, 8, 184.1, 194.37),
	(1148, 2015, 3, 6, 10, 202.25, 219.33),
	(1149, 2015, 4, 1, 2, 157.37, 166.58),
	(1150, 2015, 4, 9, 5, 186.38, 172.96),
	(1151, 2015, 4, 2, 1, 166.58, 157.37),
	(1152, 2015, 4, 5, 9, 172.96, 186.38),
	(1153, 2015, 4, 7, 6, 125.46, 140.62),
	(1154, 2015, 4, 4, 8, 153.99, 187.39),
	(1155, 2015, 4, 8, 4, 187.39, 153.99),
	(1156, 2015, 4, 10, 3, 160.91, 171.6),
	(1157, 2015, 4, 3, 10, 171.6, 160.91),
	(1158, 2015, 4, 6, 7, 140.62, 125.46),
	(1159, 2015, 5, 1, 8, 123.54, 196.22),
	(1160, 2015, 5, 9, 2, 199.92, 145.38),
	(1161, 2015, 5, 2, 9, 145.38, 199.92),
	(1162, 2015, 5, 5, 7, 209.42, 186.64),
	(1163, 2015, 5, 7, 5, 186.64, 209.42),
	(1164, 2015, 5, 4, 10, 178.38, 168),
	(1165, 2015, 5, 8, 1, 196.22, 123.54),
	(1166, 2015, 5, 10, 4, 168, 178.38),
	(1167, 2015, 5, 3, 6, 158.54, 145.38),
	(1168, 2015, 5, 6, 3, 145.38, 158.54),
	(1169, 2015, 6, 1, 10, 181.55, 156.42),
	(1170, 2015, 6, 9, 8, 174.38, 215.96),
	(1171, 2015, 6, 2, 7, 190.26, 159.66),
	(1172, 2015, 6, 5, 6, 167.47, 232.19),
	(1173, 2015, 6, 7, 2, 159.66, 190.26),
	(1174, 2015, 6, 4, 3, 188.79, 181.5),
	(1175, 2015, 6, 8, 9, 215.96, 174.38),
	(1176, 2015, 6, 10, 1, 156.42, 181.55),
	(1177, 2015, 6, 3, 4, 181.5, 188.79),
	(1178, 2015, 6, 6, 5, 232.19, 167.47),
	(1179, 2015, 7, 1, 3, 188.62, 197.13),
	(1180, 2015, 7, 9, 10, 201.11, 151.92),
	(1181, 2015, 7, 2, 5, 203.28, 206.02),
	(1182, 2015, 7, 5, 2, 206.02, 203.28),
	(1183, 2015, 7, 7, 8, 159.05, 250.02),
	(1184, 2015, 7, 4, 6, 162.4, 140.74),
	(1185, 2015, 7, 8, 7, 250.02, 159.05),
	(1186, 2015, 7, 10, 9, 151.92, 201.11),
	(1187, 2015, 7, 3, 1, 197.13, 188.62),
	(1188, 2015, 7, 6, 4, 140.74, 162.4),
	(1189, 2015, 8, 1, 4, 156.23, 148.54),
	(1190, 2015, 8, 9, 3, 163.96, 191.54),
	(1191, 2015, 8, 2, 6, 203.86, 200.68),
	(1192, 2015, 8, 5, 8, 199.67, 181.27),
	(1193, 2015, 8, 7, 10, 147.46, 154),
	(1194, 2015, 8, 4, 1, 148.54, 156.23),
	(1195, 2015, 8, 8, 5, 181.27, 199.67),
	(1196, 2015, 8, 10, 7, 154, 147.46),
	(1197, 2015, 8, 3, 9, 191.54, 163.96),
	(1198, 2015, 8, 6, 2, 200.68, 203.86),
	(1199, 2015, 9, 1, 6, 196.03, 71.24),
	(1200, 2015, 9, 9, 4, 169.28, 228.28),
	(1201, 2015, 9, 2, 8, 222.26, 210.4),
	(1202, 2015, 9, 5, 10, 162.27, 158.5),
	(1203, 2015, 9, 7, 3, 178.96, 149.64),
	(1204, 2015, 9, 4, 9, 228.28, 169.28),
	(1205, 2015, 9, 8, 2, 210.4, 222.26),
	(1206, 2015, 9, 10, 5, 158.5, 162.27),
	(1207, 2015, 9, 3, 7, 149.64, 178.96),
	(1208, 2015, 9, 6, 1, 71.24, 196.03),
	(1209, 2015, 10, 1, 9, 173.91, 192.2),
	(1210, 2015, 10, 9, 1, 192.2, 173.91),
	(1211, 2015, 10, 2, 10, 221.7, 176.06),
	(1212, 2015, 10, 5, 3, 167.08, 122.04),
	(1213, 2015, 10, 7, 4, 131.87, 216.76),
	(1214, 2015, 10, 4, 7, 216.76, 131.87),
	(1215, 2015, 10, 8, 6, 207.1, 131.85),
	(1216, 2015, 10, 10, 2, 176.06, 221.7),
	(1217, 2015, 10, 3, 5, 122.04, 167.08),
	(1218, 2015, 10, 6, 8, 131.85, 207.1),
	(1219, 2015, 11, 1, 7, 151.24, 164.36),
	(1220, 2015, 11, 9, 6, 133.75, 144.85),
	(1221, 2015, 11, 2, 3, 189.38, 126.55),
	(1222, 2015, 11, 5, 4, 147.15, 172.66),
	(1223, 2015, 11, 7, 1, 164.36, 151.24),
	(1224, 2015, 11, 4, 5, 172.66, 147.15),
	(1225, 2015, 11, 8, 10, 172.01, 189.38),
	(1226, 2015, 11, 10, 8, 189.38, 172.01),
	(1227, 2015, 11, 3, 2, 126.55, 189.38),
	(1228, 2015, 11, 6, 9, 144.85, 133.75),
	(1229, 2015, 12, 1, 5, 229.3, 204.49),
	(1230, 2015, 12, 9, 7, 163.05, 187.25),
	(1231, 2015, 12, 2, 4, 169.8, 180.82),
	(1232, 2015, 12, 5, 1, 204.49, 229.3),
	(1233, 2015, 12, 7, 9, 187.25, 163.05),
	(1234, 2015, 12, 4, 2, 180.82, 169.8),
	(1235, 2015, 12, 8, 3, 242.21, 156.44),
	(1236, 2015, 12, 10, 6, 213.4, 123.6),
	(1237, 2015, 12, 3, 8, 156.44, 242.21),
	(1238, 2015, 12, 6, 10, 123.6, 213.4),
	(1239, 2015, 13, 1, 2, 165.9, 213.64),
	(1240, 2015, 13, 9, 5, 209.38, 186.29),
	(1241, 2015, 13, 2, 1, 213.64, 165.9),
	(1242, 2015, 13, 5, 9, 186.29, 209.38),
	(1243, 2015, 13, 7, 6, 171.81, 155.82),
	(1244, 2015, 13, 4, 8, 201.31, 214.47),
	(1245, 2015, 13, 8, 4, 214.47, 201.31),
	(1246, 2015, 13, 10, 3, 235.75, 183.98),
	(1247, 2015, 13, 3, 10, 183.98, 235.75),
	(1248, 2015, 13, 6, 7, 155.82, 171.81),
	(1249, 2016, 1, 1, 9, 134.18, 155.12),
	(1250, 2016, 1, 9, 1, 155.12, 134.18),
	(1251, 2016, 1, 2, 5, 172.66, 190.11),
	(1252, 2016, 1, 5, 2, 190.11, 172.66),
	(1253, 2016, 1, 7, 8, 196.43, 192.6),
	(1254, 2016, 1, 4, 6, 180.04, 252.7),
	(1255, 2016, 1, 8, 7, 192.6, 196.43),
	(1256, 2016, 1, 10, 3, 169.96, 161.98),
	(1257, 2016, 1, 3, 10, 161.98, 169.96),
	(1258, 2016, 1, 6, 4, 252.7, 180.04),
	(1259, 2016, 2, 1, 6, 106.16, 176.54),
	(1260, 2016, 2, 9, 3, 189.15, 173.67),
	(1261, 2016, 2, 2, 4, 159.18, 156.53),
	(1262, 2016, 2, 5, 7, 185.63, 170.94),
	(1263, 2016, 2, 7, 5, 170.94, 185.63),
	(1264, 2016, 2, 4, 2, 156.53, 159.18),
	(1265, 2016, 2, 8, 10, 167.88, 201.92),
	(1266, 2016, 2, 10, 8, 201.92, 167.88),
	(1267, 2016, 2, 3, 9, 173.67, 189.15),
	(1268, 2016, 2, 6, 1, 176.54, 106.16),
	(1269, 2016, 3, 1, 2, 163.85, 178.65),
	(1270, 2016, 3, 9, 6, 176.89, 118.02),
	(1271, 2016, 3, 2, 1, 178.65, 163.85),
	(1272, 2016, 3, 5, 10, 154.49, 175.3),
	(1273, 2016, 3, 7, 4, 199.24, 190.26),
	(1274, 2016, 3, 4, 7, 190.26, 199.24),
	(1275, 2016, 3, 8, 3, 132.78, 248.87),
	(1276, 2016, 3, 10, 5, 175.3, 154.49),
	(1277, 2016, 3, 3, 8, 248.87, 132.78),
	(1278, 2016, 3, 6, 9, 118.02, 176.89),
	(1279, 2016, 4, 1, 7, 156, 106.7),
	(1280, 2016, 4, 9, 2, 210.04, 197.65),
	(1281, 2016, 4, 2, 9, 197.65, 210.04),
	(1282, 2016, 4, 5, 8, 159.73, 167.52),
	(1283, 2016, 4, 7, 1, 106.7, 156),
	(1284, 2016, 4, 4, 10, 142.5, 169.48),
	(1285, 2016, 4, 8, 5, 167.52, 159.73),
	(1286, 2016, 4, 10, 4, 169.48, 142.5),
	(1287, 2016, 4, 3, 6, 142.77, 181.26),
	(1288, 2016, 4, 6, 3, 181.26, 142.77),
	(1289, 2016, 5, 1, 10, 156.32, 128.59),
	(1290, 2016, 5, 9, 7, 140.13, 167.08),
	(1291, 2016, 5, 2, 6, 172.4, 158.23),
	(1292, 2016, 5, 5, 3, 167.7, 148.48),
	(1293, 2016, 5, 7, 9, 167.08, 140.13),
	(1294, 2016, 5, 4, 8, 183.54, 214.94),
	(1295, 2016, 5, 8, 4, 214.94, 183.54),
	(1296, 2016, 5, 10, 1, 128.59, 156.32),
	(1297, 2016, 5, 3, 5, 148.48, 167.7),
	(1298, 2016, 5, 6, 2, 158.23, 172.4),
	(1299, 2016, 6, 1, 8, 168.72, 223.7),
	(1300, 2016, 6, 9, 10, 218.87, 143.37),
	(1301, 2016, 6, 2, 3, 148.6, 157.08),
	(1302, 2016, 6, 5, 4, 154.49, 136.71),
	(1303, 2016, 6, 7, 6, 145.21, 133.24),
	(1304, 2016, 6, 4, 5, 136.71, 154.49),
	(1305, 2016, 6, 8, 1, 223.7, 168.72),
	(1306, 2016, 6, 10, 9, 143.37, 218.87),
	(1307, 2016, 6, 3, 2, 157.08, 148.6),
	(1308, 2016, 6, 6, 7, 133.24, 145.21),
	(1309, 2016, 7, 1, 5, 167.7, 120.66),
	(1310, 2016, 7, 9, 8, 153.86, 227.06),
	(1311, 2016, 7, 2, 7, 190.51, 165.62),
	(1312, 2016, 7, 5, 1, 120.66, 167.7),
	(1313, 2016, 7, 7, 2, 165.62, 190.51),
	(1314, 2016, 7, 4, 3, 149.07, 191),
	(1315, 2016, 7, 8, 9, 227.06, 153.86),
	(1316, 2016, 7, 10, 6, 174.04, 201.38),
	(1317, 2016, 7, 3, 4, 191, 149.07),
	(1318, 2016, 7, 6, 10, 201.38, 174.04),
	(1319, 2016, 8, 1, 4, 168.15, 185.58),
	(1320, 2016, 8, 9, 5, 197.69, 209.81),
	(1321, 2016, 8, 2, 10, 146.87, 159.89),
	(1322, 2016, 8, 5, 9, 209.81, 197.69),
	(1323, 2016, 8, 7, 3, 163.59, 184.05),
	(1324, 2016, 8, 4, 1, 185.58, 168.15),
	(1325, 2016, 8, 8, 6, 204.2, 143.42),
	(1326, 2016, 8, 10, 2, 159.89, 146.87),
	(1327, 2016, 8, 3, 7, 184.05, 163.59),
	(1328, 2016, 8, 6, 8, 143.42, 204.2),
	(1329, 2016, 9, 1, 3, 156.33, 217.47),
	(1330, 2016, 9, 9, 4, 164.37, 154.59),
	(1331, 2016, 9, 2, 8, 169.36, 190.85),
	(1332, 2016, 9, 5, 6, 110.16, 172.95),
	(1333, 2016, 9, 7, 10, 200.8, 160.77),
	(1334, 2016, 9, 4, 9, 154.59, 164.37),
	(1335, 2016, 9, 8, 2, 190.85, 169.36),
	(1336, 2016, 9, 10, 7, 160.77, 200.8),
	(1337, 2016, 9, 3, 1, 217.47, 156.33),
	(1338, 2016, 9, 6, 5, 172.95, 110.16),
	(1339, 2016, 10, 1, 9, 140.88, 127.41),
	(1340, 2016, 10, 9, 1, 127.41, 140.88),
	(1341, 2016, 10, 2, 5, 197.09, 196.33),
	(1342, 2016, 10, 5, 2, 196.33, 197.09),
	(1343, 2016, 10, 7, 8, 160.51, 225.39),
	(1344, 2016, 10, 4, 6, 151.21, 215.55),
	(1345, 2016, 10, 8, 7, 225.39, 160.51),
	(1346, 2016, 10, 10, 3, 196.93, 191.14),
	(1347, 2016, 10, 3, 10, 191.14, 196.93),
	(1348, 2016, 10, 6, 4, 215.55, 151.21),
	(1349, 2016, 11, 1, 6, 145.88, 148.11),
	(1350, 2016, 11, 9, 3, 175.88, 151.68),
	(1351, 2016, 11, 2, 4, 159.97, 150.48),
	(1352, 2016, 11, 5, 7, 144.11, 168.04),
	(1353, 2016, 11, 7, 5, 168.04, 144.11),
	(1354, 2016, 11, 4, 2, 150.48, 159.97),
	(1355, 2016, 11, 8, 10, 225.45, 177),
	(1356, 2016, 11, 10, 8, 177, 225.45),
	(1357, 2016, 11, 3, 9, 151.68, 175.88),
	(1358, 2016, 11, 6, 1, 148.11, 145.88),
	(1359, 2016, 12, 1, 2, 169.94, 194.87),
	(1360, 2016, 12, 9, 6, 175.02, 151.55),
	(1361, 2016, 12, 2, 1, 194.87, 169.94),
	(1362, 2016, 12, 5, 10, 160.8, 163.3),
	(1363, 2016, 12, 7, 4, 165.92, 137.21),
	(1364, 2016, 12, 4, 7, 137.21, 165.92),
	(1365, 2016, 12, 8, 3, 231.48, 189.9),
	(1366, 2016, 12, 10, 5, 163.3, 160.8),
	(1367, 2016, 12, 3, 8, 189.9, 231.48),
	(1368, 2016, 12, 6, 9, 151.55, 175.02),
	(1369, 2016, 13, 1, 7, 138.39, 154.1),
	(1370, 2016, 13, 9, 2, 163.12, 176.36),
	(1371, 2016, 13, 2, 9, 176.36, 163.12),
	(1372, 2016, 13, 5, 8, 187.45, 169.7),
	(1373, 2016, 13, 7, 1, 154.1, 138.39),
	(1374, 2016, 13, 4, 10, 141.95, 200.28),
	(1375, 2016, 13, 8, 5, 169.7, 187.45),
	(1376, 2016, 13, 10, 4, 200.28, 141.95),
	(1377, 2016, 13, 3, 6, 154.56, 168.28),
	(1378, 2016, 13, 6, 3, 168.28, 154.56),
	(1379, 2017, 1, 1, 9, 149.48, 146.98),
	(1380, 2017, 1, 9, 1, 146.98, 149.48),
	(1381, 2017, 1, 2, 5, 117.99, 120.48),
	(1382, 2017, 1, 5, 2, 120.48, 117.99),
	(1383, 2017, 1, 7, 8, 162.07, 183.05),
	(1384, 2017, 1, 4, 6, 178.84, 126.71),
	(1385, 2017, 1, 8, 7, 183.05, 162.07),
	(1386, 2017, 1, 10, 3, 133.16, 175.3),
	(1387, 2017, 1, 3, 10, 175.3, 133.16),
	(1388, 2017, 1, 6, 4, 126.71, 178.84),
	(1389, 2017, 2, 1, 6, 116.36, 164.7),
	(1390, 2017, 2, 9, 3, 178.22, 166.3),
	(1391, 2017, 2, 2, 4, 109.66, 175.88),
	(1392, 2017, 2, 5, 7, 182.16, 154.05),
	(1393, 2017, 2, 7, 5, 154.05, 182.16),
	(1394, 2017, 2, 4, 2, 175.88, 109.66),
	(1395, 2017, 2, 8, 10, 178.33, 121.05),
	(1396, 2017, 2, 10, 8, 121.05, 178.33),
	(1397, 2017, 2, 3, 9, 166.3, 178.22),
	(1398, 2017, 2, 6, 1, 164.7, 116.36),
	(1399, 2017, 3, 1, 2, 178.66, 175.09),
	(1400, 2017, 3, 9, 6, 199.04, 147.48),
	(1401, 2017, 3, 2, 1, 175.09, 178.66),
	(1402, 2017, 3, 5, 10, 172.05, 137.47),
	(1403, 2017, 3, 7, 4, 174.8, 166.22),
	(1404, 2017, 3, 4, 7, 166.22, 174.8),
	(1405, 2017, 3, 8, 3, 128.78, 169.28),
	(1406, 2017, 3, 10, 5, 137.47, 172.05),
	(1407, 2017, 3, 3, 8, 169.28, 128.78),
	(1408, 2017, 3, 6, 9, 147.48, 199.04),
	(1409, 2017, 4, 1, 7, 144.37, 143.16),
	(1410, 2017, 4, 9, 2, 196.34, 189.41),
	(1411, 2017, 4, 2, 9, 189.41, 196.34),
	(1412, 2017, 4, 5, 8, 181.61, 191.1),
	(1413, 2017, 4, 7, 1, 143.16, 144.37),
	(1414, 2017, 4, 4, 10, 190.04, 106.14),
	(1415, 2017, 4, 8, 5, 191.1, 181.61),
	(1416, 2017, 4, 10, 4, 106.14, 190.04),
	(1417, 2017, 4, 3, 6, 162.84, 147.33),
	(1418, 2017, 4, 6, 3, 147.33, 162.84),
	(1419, 2017, 5, 1, 10, 131.32, 138.63),
	(1420, 2017, 5, 9, 7, 152.84, 189.12),
	(1421, 2017, 5, 2, 6, 165.62, 96.38),
	(1422, 2017, 5, 5, 3, 156, 158.85),
	(1423, 2017, 5, 7, 9, 189.12, 152.84),
	(1424, 2017, 5, 4, 8, 200.5, 220.18),
	(1425, 2017, 5, 8, 4, 220.18, 200.5),
	(1426, 2017, 5, 10, 1, 138.63, 131.32),
	(1427, 2017, 5, 3, 5, 158.85, 156),
	(1428, 2017, 5, 6, 2, 96.38, 165.62),
	(1429, 2017, 6, 1, 8, 130.6, 164.81),
	(1430, 2017, 6, 9, 10, 218.93, 125.54),
	(1431, 2017, 6, 2, 3, 158.36, 168.53),
	(1432, 2017, 6, 5, 4, 145.64, 137.54),
	(1433, 2017, 6, 7, 6, 181.54, 133.25),
	(1434, 2017, 6, 4, 5, 137.54, 145.64),
	(1435, 2017, 6, 8, 1, 164.81, 130.6),
	(1436, 2017, 6, 10, 9, 125.54, 218.93),
	(1437, 2017, 6, 3, 2, 168.53, 158.36),
	(1438, 2017, 6, 6, 7, 133.25, 181.54),
	(1439, 2017, 7, 1, 5, 169.24, 167.93),
	(1440, 2017, 7, 9, 8, 219.94, 155.5),
	(1441, 2017, 7, 2, 7, 168.03, 202.35),
	(1442, 2017, 7, 5, 1, 167.93, 169.24),
	(1443, 2017, 7, 7, 2, 202.35, 168.03),
	(1444, 2017, 7, 4, 3, 149.64, 188.42),
	(1445, 2017, 7, 8, 9, 155.5, 219.94),
	(1446, 2017, 7, 10, 6, 162.68, 177.98),
	(1447, 2017, 7, 3, 4, 188.42, 149.64),
	(1448, 2017, 7, 6, 10, 177.98, 162.68),
	(1449, 2017, 8, 1, 4, 143.09, 186.18),
	(1450, 2017, 8, 9, 5, 177.36, 166.19),
	(1451, 2017, 8, 2, 10, 166.85, 160.86),
	(1452, 2017, 8, 5, 9, 166.19, 177.36),
	(1453, 2017, 8, 7, 3, 161.38, 139.79),
	(1454, 2017, 8, 4, 1, 186.18, 143.09),
	(1455, 2017, 8, 8, 6, 168.46, 173.28),
	(1456, 2017, 8, 10, 2, 160.86, 166.85),
	(1457, 2017, 8, 3, 7, 139.79, 161.38),
	(1458, 2017, 8, 6, 8, 173.28, 168.46),
	(1459, 2017, 9, 1, 3, 170.4, 185.5),
	(1460, 2017, 9, 9, 4, 149.54, 156.62),
	(1461, 2017, 9, 2, 8, 138.7, 149.84),
	(1462, 2017, 9, 5, 6, 119.94, 194.32),
	(1463, 2017, 9, 7, 10, 174.58, 199.93),
	(1464, 2017, 9, 4, 9, 156.62, 149.54),
	(1465, 2017, 9, 8, 2, 149.84, 138.7),
	(1466, 2017, 9, 10, 7, 199.93, 174.58),
	(1467, 2017, 9, 3, 1, 185.5, 170.4),
	(1468, 2017, 9, 6, 5, 194.32, 119.94),
	(1469, 2017, 10, 1, 9, 127.87, 193.8),
	(1470, 2017, 10, 9, 1, 193.8, 127.87),
	(1471, 2017, 10, 2, 5, 142.13, 134.83),
	(1472, 2017, 10, 5, 2, 134.83, 142.13),
	(1473, 2017, 10, 7, 8, 184.68, 152.02),
	(1474, 2017, 10, 4, 6, 132.56, 186.27),
	(1475, 2017, 10, 8, 7, 152.02, 184.68),
	(1476, 2017, 10, 10, 3, 161.23, 192.35),
	(1477, 2017, 10, 3, 10, 192.35, 161.23),
	(1478, 2017, 10, 6, 4, 186.27, 132.56),
	(1479, 2017, 11, 1, 6, 183.35, 164.25),
	(1480, 2017, 11, 9, 3, 185.95, 167.46),
	(1481, 2017, 11, 2, 4, 175.06, 171.08),
	(1482, 2017, 11, 5, 7, 207.99, 185.63),
	(1483, 2017, 11, 7, 5, 185.63, 207.99),
	(1484, 2017, 11, 4, 2, 171.08, 175.06),
	(1485, 2017, 11, 8, 10, 168.65, 128.1),
	(1486, 2017, 11, 10, 8, 128.1, 168.65),
	(1487, 2017, 11, 3, 9, 167.46, 185.95),
	(1488, 2017, 11, 6, 1, 164.25, 183.35),
	(1489, 2017, 12, 1, 2, 204.76, 153.68),
	(1490, 2017, 12, 9, 6, 155.26, 156.7),
	(1491, 2017, 12, 2, 1, 153.68, 204.76),
	(1492, 2017, 12, 5, 10, 163.83, 155.88),
	(1493, 2017, 12, 7, 4, 183.35, 178.9),
	(1494, 2017, 12, 4, 7, 178.9, 183.35),
	(1495, 2017, 12, 8, 3, 181.9, 138.81),
	(1496, 2017, 12, 10, 5, 155.88, 163.83),
	(1497, 2017, 12, 3, 8, 138.81, 181.9),
	(1498, 2017, 12, 6, 9, 156.7, 155.26),
	(1499, 2017, 13, 1, 7, 161.27, 202.24),
	(1500, 2017, 13, 9, 2, 219.91, 155.08),
	(1501, 2017, 13, 2, 9, 155.08, 219.91),
	(1502, 2017, 13, 5, 8, 187.39, 131.04),
	(1503, 2017, 13, 7, 1, 202.24, 161.27),
	(1504, 2017, 13, 4, 10, 167.3, 124.8),
	(1505, 2017, 13, 8, 5, 131.04, 187.39),
	(1506, 2017, 13, 10, 4, 124.8, 167.3),
	(1507, 2017, 13, 3, 6, 156.21, 130.38),
	(1508, 2017, 13, 6, 3, 130.38, 156.21),
	(1509, 2018, 1, 1, 9, 224.99, 141.54),
	(1510, 2018, 2, 1, 6, 194.1, 171.26),
	(1511, 2018, 3, 1, 2, 178.77, 208.26),
	(1512, 2018, 4, 1, 7, 213.61, 173.58),
	(1513, 2018, 5, 1, 10, 220.88, 135.93),
	(1514, 2018, 6, 1, 8, 200.27, 215.18),
	(1515, 2018, 7, 1, 5, 191.28, 173.34),
	(1516, 2018, 8, 1, 4, 186.59, 193.3),
	(1517, 2018, 9, 1, 3, 246.4, 206.75),
	(1518, 2018, 10, 1, 9, 227.18, 175.64),
	(1519, 2018, 11, 1, 6, 198.51, 145.23),
	(1520, 2018, 12, 1, 2, 217.25, 139.69),
	(1521, 2018, 13, 1, 7, 194.23, 230.6),
	(1522, 2018, 1, 9, 1, 141.54, 224.99),
	(1523, 2018, 2, 9, 3, 153.84, 168.62),
	(1524, 2018, 3, 9, 6, 151.16, 155.42),
	(1525, 2018, 4, 9, 2, 168.8, 202.16),
	(1526, 2018, 5, 9, 7, 198.44, 171.94),
	(1527, 2018, 6, 9, 10, 182.06, 141.56),
	(1528, 2018, 7, 9, 8, 139.42, 195.68),
	(1529, 2018, 8, 9, 5, 155.79, 211.15),
	(1530, 2018, 9, 9, 4, 129.9, 175.38),
	(1531, 2018, 10, 9, 1, 175.64, 227.18),
	(1532, 2018, 11, 9, 3, 205.98, 205.74),
	(1533, 2018, 12, 9, 6, 191.08, 142.96),
	(1534, 2018, 13, 9, 2, 177.98, 188.8),
	(1535, 2018, 1, 6, 4, 147.57, 181.21),
	(1536, 2018, 2, 6, 1, 171.26, 194.1),
	(1537, 2018, 3, 6, 9, 155.42, 151.16),
	(1538, 2018, 4, 6, 3, 119.26, 245.14),
	(1539, 2018, 5, 6, 2, 164.72, 113.76),
	(1540, 2018, 6, 6, 7, 170.45, 191.2),
	(1541, 2018, 7, 6, 10, 126.34, 112.17),
	(1542, 2018, 8, 6, 8, 152.57, 173.51),
	(1543, 2018, 9, 6, 5, 117.64, 156.68),
	(1544, 2018, 10, 6, 4, 169.83, 192.12),
	(1545, 2018, 11, 6, 1, 145.23, 198.51),
	(1546, 2018, 12, 6, 9, 142.96, 191.08),
	(1547, 2018, 13, 6, 3, 169.39, 170.99),
	(1548, 2018, 1, 2, 5, 139.11, 219.63),
	(1549, 2018, 2, 2, 4, 194.22, 146.5),
	(1550, 2018, 3, 2, 1, 208.26, 178.77),
	(1551, 2018, 4, 2, 9, 202.16, 168.8),
	(1552, 2018, 5, 2, 6, 113.76, 164.72),
	(1553, 2018, 6, 2, 3, 163.34, 148.08),
	(1554, 2018, 7, 2, 7, 178.45, 204.02),
	(1555, 2018, 8, 2, 10, 170.22, 144.93),
	(1556, 2018, 9, 2, 8, 204.77, 153.8),
	(1557, 2018, 10, 2, 5, 186.59, 189.96),
	(1558, 2018, 11, 2, 4, 150.2, 163.47),
	(1559, 2018, 12, 2, 1, 139.69, 217.25),
	(1560, 2018, 13, 2, 9, 188.8, 177.98),
	(1561, 2018, 1, 7, 8, 229.21, 167.48),
	(1562, 2018, 2, 7, 5, 217.05, 161.9),
	(1563, 2018, 3, 7, 4, 154.86, 166.34),
	(1564, 2018, 4, 7, 1, 173.58, 213.61),
	(1565, 2018, 5, 7, 9, 171.94, 198.44),
	(1566, 2018, 6, 7, 6, 191.2, 170.45),
	(1567, 2018, 7, 7, 2, 204.02, 178.45),
	(1568, 2018, 8, 7, 3, 238.16, 177.01),
	(1569, 2018, 9, 7, 10, 138.9, 143.05),
	(1570, 2018, 10, 7, 8, 158.86, 177.88),
	(1571, 2018, 11, 7, 5, 215.16, 206.45),
	(1572, 2018, 12, 7, 4, 182.74, 224.74),
	(1573, 2018, 13, 7, 1, 230.6, 194.23),
	(1574, 2018, 1, 10, 3, 207.78, 175.96),
	(1575, 2018, 2, 10, 8, 169.96, 190.27),
	(1576, 2018, 3, 10, 5, 154.1, 188.15),
	(1577, 2018, 4, 10, 4, 220.73, 197.73),
	(1578, 2018, 5, 10, 1, 135.93, 220.88),
	(1579, 2018, 6, 10, 9, 141.56, 182.06),
	(1580, 2018, 7, 10, 6, 112.17, 126.34),
	(1581, 2018, 8, 10, 2, 144.93, 170.22),
	(1582, 2018, 9, 10, 7, 143.05, 138.9),
	(1583, 2018, 10, 10, 3, 147.22, 188.79),
	(1584, 2018, 11, 10, 8, 150.55, 217.9),
	(1585, 2018, 12, 10, 5, 93.48, 211.72),
	(1586, 2018, 13, 10, 4, 114.62, 143.11),
	(1587, 2018, 1, 8, 7, 167.48, 229.21),
	(1588, 2018, 2, 8, 10, 190.27, 169.96),
	(1589, 2018, 3, 8, 3, 169.22, 196.74),
	(1590, 2018, 4, 8, 5, 150.42, 171.27),
	(1591, 2018, 5, 8, 4, 182.24, 171.62),
	(1592, 2018, 6, 8, 1, 215.18, 200.27),
	(1593, 2018, 7, 8, 9, 195.68, 139.42),
	(1594, 2018, 8, 8, 6, 173.51, 152.57),
	(1595, 2018, 9, 8, 2, 153.8, 204.77),
	(1596, 2018, 10, 8, 7, 177.88, 158.86),
	(1597, 2018, 11, 8, 10, 217.9, 150.55),
	(1598, 2018, 12, 8, 3, 179.96, 182.89),
	(1599, 2018, 13, 8, 5, 180.6, 161.88),
	(1600, 2018, 1, 5, 2, 219.63, 139.11),
	(1601, 2018, 2, 5, 7, 161.9, 217.05),
	(1602, 2018, 3, 5, 10, 188.15, 154.1),
	(1603, 2018, 4, 5, 8, 171.27, 150.42),
	(1604, 2018, 5, 5, 3, 172.18, 176.8),
	(1605, 2018, 6, 5, 4, 228.38, 196.99),
	(1606, 2018, 7, 5, 1, 173.34, 191.28),
	(1607, 2018, 8, 5, 9, 211.15, 155.79),
	(1608, 2018, 9, 5, 6, 156.68, 117.64),
	(1609, 2018, 10, 5, 2, 189.96, 186.59),
	(1610, 2018, 11, 5, 7, 206.45, 215.16),
	(1611, 2018, 12, 5, 10, 211.72, 93.48),
	(1612, 2018, 13, 5, 8, 161.88, 180.6),
	(1613, 2018, 1, 4, 6, 181.21, 147.57),
	(1614, 2018, 2, 4, 2, 146.5, 194.22),
	(1615, 2018, 3, 4, 7, 166.34, 154.86),
	(1616, 2018, 4, 4, 10, 197.73, 220.73),
	(1617, 2018, 5, 4, 8, 171.62, 182.24),
	(1618, 2018, 6, 4, 5, 196.99, 228.38),
	(1619, 2018, 7, 4, 3, 181.75, 158.85),
	(1620, 2018, 8, 4, 1, 193.3, 186.59),
	(1621, 2018, 9, 4, 9, 175.38, 129.9),
	(1622, 2018, 10, 4, 6, 192.12, 169.83),
	(1623, 2018, 11, 4, 2, 163.47, 150.2),
	(1624, 2018, 12, 4, 7, 224.74, 182.74),
	(1625, 2018, 13, 4, 10, 143.11, 114.62),
	(1626, 2018, 1, 3, 10, 175.96, 207.78),
	(1627, 2018, 2, 3, 9, 168.62, 153.84),
	(1628, 2018, 3, 3, 8, 196.74, 169.22),
	(1629, 2018, 4, 3, 6, 245.14, 119.26),
	(1630, 2018, 5, 3, 5, 176.8, 172.18),
	(1631, 2018, 6, 3, 2, 148.08, 163.34),
	(1632, 2018, 7, 3, 4, 158.85, 181.75),
	(1633, 2018, 8, 3, 7, 177.01, 238.16),
	(1634, 2018, 9, 3, 1, 206.75, 246.4),
	(1635, 2018, 10, 3, 10, 188.79, 147.22),
	(1636, 2018, 11, 3, 9, 205.74, 205.98),
	(1637, 2018, 12, 3, 8, 182.89, 179.96),
	(1638, 2018, 13, 3, 6, 170.99, 169.39);
/*!40000 ALTER TABLE `regular_season_matchups` ENABLE KEYS */;

/*!40101 SET SQL_MODE=IFNULL(@OLD_SQL_MODE, '') */;
/*!40014 SET FOREIGN_KEY_CHECKS=IF(@OLD_FOREIGN_KEY_CHECKS IS NULL, 1, @OLD_FOREIGN_KEY_CHECKS) */;
/*!40101 SET CHARACTER_SET_CLIENT=@OLD_CHARACTER_SET_CLIENT */;
